ncRNA_type	sequence	length	direction	locus	comment
5'UTR	AGCATCAAGATATGTAAACTTTCGTAAACACATCTGCCAAGTTTGGCCAGCCG	53	forward	slr0611	
5'UTR	ATAAATGTCAAGCCGTTCTGCGGGGCGGAATTCCCCCATCCTTCCTTTG	49	forward	slr0608	
5'UTR	GATTAAAACGCCCTTTGCTGCTGTTTCAGCTTTTGAACA	39	forward	slr0606	
5'UTR	ATGGCAATCTTCAGCGCAGGGACATT	26	forward	slr0605	
5'UTR	GCGATTTATTGATCACACTTCCATTGCCCTGCCCCCC	37	forward	slr0604	
5'UTR	CTGTTGTTATATTTCTAGCC	20	forward	slr0603	
5'UTR	ATGGAAAAATTACCAAGAGGAGAAGGCA	28	forward	slr0597	
5'UTR	ATCGCCCAGACTGCTTCTAAGCGCCCCCATAGAAC	35	reverse	sll0567	
5'UTR	GCTAAAGATCCTAGAACCGAGGTAACG	27	forward	slr0594	
5'UTR	AGAAAAGCAACCGGGGATCAATGCAAAGCAAGAGAAAAAATACCCTGGTTAATCATATTTCGAGCTGGTGTTTAAGGTTGAAAATTTGATTGAACGGACGTTGCCCTGTAGGAA	114	reverse	sll0572	
5'UTR	GTTCACAATTTTCCTTACTGCCCAAATTCC	30	forward	slr0591	
5'UTR	TTTAGCTCGGCGCCGCCCCGCAATCTTTTAGAATTTTTT	39	reverse	sll0574	
5'UTR	GTCTATGCCACATTGAATTCAGGTCATCGCTTCCCCA	37	reverse	sll0577	
5'UTR	ATTGAACCAGTTCTTCAGGTAAAAGCAGT	29	forward	slr0585	
5'UTR	ATTCGGTGACGCCCCAACCTCCACACCTCCGTTAGATCCCATCTGGATAAAACTAATAAACTCTATTACCC	71	forward	slr1192	
5'UTR	AGTAATCACCAATTATTTTCAGTAAAGTTTT	31	reverse	sll1106	
5'UTR	TTTGCCATGACCCATCTTGTTCGAGCTCGGTGGGTTTTTTATTATTTAATTGATCGTTAGGATCATTGCGATTTAAGTGGATTGACTGAAAAATT	95	reverse	sll1107	
5'UTR	GGAAGCGCTAGTGAGCGGGAAACTAACCCCGCCACCCAACAGTTAGTGCAGGAATTGGAAAGCCTTAACCAGGCTCCCTATTAGGGTTGGCCCTCTTTGTC	101	forward	slr1188	
5'UTR	AGACTCACACCTCCATAGTTCTAAGCTTGTTTGACTTTGCCCTAACCTGAATAAACCGCCGTTGCTTGGTGGCCTCGCC	79	forward	slr1187	
5'UTR	ATATCAACGGAGTTAACATTATTGAAAAAACTAATTGGCTAGATCATCTAAACTTTGATTGAGTTCTCTTCTTAAATATCTGCTTCTTCCGTGATACTCTTAATACTCAATAACATTATTAAGTTAT	127	reverse	sll1109	
5'UTR	CTGAGCATTTTGACCCAAGGCAGACC	26	reverse	sll1110	
5'UTR	GAA	3	forward	slr1176	
5'UTR	AGATAAACCAGCCCCCCTTGAACTAGCTTTTTCCTAAACTTTT	43	reverse	sll0436	
5'UTR	AAATAAGCA	9	reverse	ssl0832	
5'UTR	AAGCATAGATTCGCTACGAGACAGGAGAGAACA	33	forward	slr0452	
5'UTR	ATTAGTTCGGCAGGATAGGGGTT	23	reverse	sll0444	
5'UTR	AAAATTTCCCAGTATTGCGACAGCTTTTGGGAAAAAAATTAGGTTAATAATTGCCAATATGGAAAAAAGGCGATCGCC	78	reverse	sll0451	
5'UTR	GA	2	reverse	sll1542	
5'UTR	ATTGGCGTTCGCACGAAGTTTAGCTAAGCTGAA	33	forward	slr1668	
5'UTR	GCAGAAGAGCAAGTTGTTAGTAAGCCTGCTGGTACTTATTCAGATACCCTTACTTTCACATTGACAAATAAATAGTTAAATTAAGGGAATTGGCGTTCGCACGAAGTTTAGCTAAGCTGAA	121	forward	slr1668	
5'UTR	GTAAAGAAAAAAACAACATTCATTTCCCAAGACCGACGAGCGATACATCGAGTTACCACCCACGAGGCCACGGGAAGGAGGCGACAAATT	90	forward	slr1667	
5'UTR	AACGTTTAAAAGTCCATACC	20	reverse	sll1543	
5'UTR	ATTATTAACAGAGGGAGAGCGATGAATCTCAAGATCCCCAAGGAACAAGATGTGGTAGAAGAAGCCTTACTAATTCTGGAACAGAAACTTCCCCCATCAAAACTGGCTCTATTGCTTTCCCGATGGCAATCAGATCAGGGAGATTATTTAAAAACGCGGGACGAACTGTTCAAATGTGAAACGGTAGAATCGTTGGCCACAGATATTTTAGAGTTTGAGGCCCGACGAGCATCTTCCCAACAAG	244	reverse	ssl2999	
5'UTR	ATGTCTCCCTAGCGTCCCACTTTGTCACGGGGAAAGAACTTTTGGCATCAAAACCCCGCCGTTACCTAACCATCC	75	reverse	sll1544	
5'UTR	GACATCTTTTCAGCCCAACACCGCTATTTTTCCACCCCATAACTAGTTAATCAGCTCG	58	forward	slr1666	
5'UTR	AAAAAACTGTGCAGTCCCAATTTAAGCCTGATATCAAAGCCAGGGACGCAAATATCTCCTCCCCACTCTGACTAGCTACTTTGTAGCCTTCCACGCCGACCTGTTCACCACCGGAG	116	forward	slr1661	
5'UTR	GTTAAGTTAGGGACGGTTAATTGGCCCTAGGCTGGTTGGTAGAGTTTTGACCCTAACTCCCCCGTTCCTGTCCCCTTGAGAGTGTTAACCC	91	reverse	sll1546	
5'UTR	CTCCACCTTCTCAATTTCTCCCT	23	forward	slr1660	
5'UTR	AAGGCGAAACGCCAGGGCCGGAACTGCATTTTCGGCCATTGATTTTTCGAATAAACCAAGTGAGCTAGTCCCATAGACATAACC	84	forward	slr1658	
5'UTR	ACCATCTTTGGGTGGGTCAGGATTCCTCCGTTATGCGGGGGATTGGACATTTTGATTTGTTACTCCGCCAGCGGGTGGGGTATTTTTTTT	90	forward	slr1656	
5'UTR	AAAGTTTTGTCACGTCCCTGACGAAATTCTTTAATAGGAGAACTCAATACCA	52	forward	slr1655	
5'UTR	ATGATTAGTGGGATTGTCATCAAACTAAGGTACTGTCACCGAGGTTATAACTATTGTTTTTTTCCTA	67	forward	slr1652	
5'UTR	AAAGCCTATCTGAGCCCTTATTTGATTAACCTTCGACTGATTATTGATCCCCT	53	forward	slr0756	
5'UTR	GAGTTGCTTAACACAATTTTCCAATTAATAGTATTAATATTTTCTTAACTTGCACCGTACCATGGTGAGAAAGCCTATCTGAGCCCTTATTTGATTAACCTTCGACTGATTATTGATCCCCT	122	forward	slr0756	
5'UTR	GTCTAAGCCCCTGATCGCCGCCCTCCATTTTTTACAATTTTTGTAT	46	reverse	sll0726	
5'UTR	AACTTCTATTCTATTTCTTAGCATTATCGCTAGTTATTTTTATTTTTACGATTTAACTTTAT	62	forward	slr0755	
5'UTR	AGCTATTATTTTTATTTCTAACTTCTATTCTATTTCTTAGCATTATCGCTAGTTATTTTTATTTTTACGATTTAACTTTAT	81	forward	slr0755	
5'UTR	GGCACTGGTGATTGCCCCAATTCCCTAGGGGTTAACAATTGCGCTAAACTAACCTCAGCTATTATTTTTATTTCTAACTTCTATTCTATTTCTTAGCATTATCGCTAGTTATTTTTATTTTTACGATTTAACTTTAT	137	forward	slr0755	
5'UTR	AGTTCCCAATCCATTTTCTCTTCCTTTGTTTACCGGCTATGTATGTTGCAATACTTTTTAGCCTGATCTTGCCTATACCCA	81	forward	slr0751	
5'UTR	GGAACTGTGCCAAAGATATCAAAGATAGCAAAAGTGATCAAGCAAAGCT	49	reverse	sll0733	
5'UTR	AGCGCAGCGGAGACCACACAACCCTGAGCATTCCCCCAGAGCATTTTTAGGAGCAACTCCC	61	forward	slr0749	
5'UTR	ATAGCCTATTGCTTCCCCTGCC	22	forward	slr0748	
5'UTR	AAGTTAGCCGCTAACTTTGTACTATCCCGCATCAGGTGCGTAACTCCT	48	reverse	sll0735	
5'UTR	AGTCGCTACGACCACCACCCCATTCTCCATTCATTTTCCCTCGGCGATCGCCCTGTCTAGACTTCCACC	69	reverse	sll1470	
5'UTR	GATAGAGAAAAGCACAATGGGCT	23	forward	slr1584	
5'UTR	AGCTAGCTTATTTTCGGAGGAAAT	24	forward	slr1583	
5'UTR	AGCATTTTCAAGCTATTGGCCCTTTTTGCTTT	32	reverse	sll1481	
5'UTR	TTGGCCTAAGTTTTGTTAAGTGGGGTTCCAGTTTCCAGGAAATTGGCCCCACTTTTTACTTGCGTGCTACCTTTACAGGGGAAGTGCCTCCGGGCATAGTGAAACTTGTTCGGGAGTGGGATGGAAAACT	130	reverse	sll1484	
5'UTR	CTAAGTTTTGTTAAGTGGGGTTCCAGTTTCCAGGAAATTGGCCCCACTTTTTACTTGCGTGCTACCTTTACAGGGGAAGTGCCTCCGGGCATAGTGAAACTTGTTCGGGAGTGGGATGGAAAACT	125	reverse	sll1484	
5'UTR	GTTCGGGAGTGGGATGGAAAACTGTGGCCATTAATTC	37	reverse	sll1484	
5'UTR	AATTGTCGCAAGAGGGTATCAGTCCGTTGTGAAACCCCGTTCTTTTTTCGTTCTACTGGCCGCCGTTGCAATTTTTTCATTGGCTGTGGCCGGCTGGGGTACTGCCCTGGTACTAGGCCACAGTCCCCTTAATTTAGCCCGGGGAGGG	148	forward	slr1579	
5'UTR	AACTAGTTAAAAATACAGTCTATCTTGCTCCGTTGTTGTTGTTCTTCCGCCCCCCGCTGAGCC	63	forward	slr1570	
5'UTR	AGTGTGAAACGTGTGAGGATTGTGCT	26	reverse	sll1488	
5'UTR	AGTCGCCCAAACCTAAAACC	20	forward	slr1564	
5'UTR	GTTTAAACTTGCCCCTGCCGAAACAAAGCCGTC	33	forward	slr1560	
5'UTR	TGCTA	5	reverse	6803t42	
5'UTR	GGAACAGAAATTCGTCACTGAGGTAAAGGA	30	reverse	sll1496	
5'UTR	GATTCGGCGGCGGCCGGGCAAAGGAGCACAGCCTTGGATAAGACTCCAAGGACTTAACTTTTTCCCACTACGGCCGAATGGTCCTATTCCAGCTACCTTGCAATATATCATT	112	reverse	sll1498	
5'UTR	AATAAATGTTTGGTGGTTTACAGTGAATAAACCTATCCTAAGGAGTGATTTTTCTACCAAAGATAGAAGATTTAACTCACAAATCATCTTCTTAAGATTTTTAATTGGGGATATAAGTCA	120	forward	slr0667	
5'UTR	GGTTTTGTTGTAAAGAGGAATA	22	forward	ssr1114	
5'UTR	GAGAAGCTATTGATTGTGAGGGCGACAATGACTGCCAAGCTATCCTGGGTAAGTCGAAAACTATTCTTTCCCCTGTTCCTGAGTGGCTGG	90	reverse	sll0623	
5'UTR	AAGCTATTGATTGTGAGGGCGACAATGACTGCCAAGCTATCCTGGGTAAGTCGAAAACTATTCTTTCCCCTGTTCCTGAGTGGCTGGATGGTAAGTTGTAGCCCCATCAATCCCT	115	reverse	sll0623	
5'UTR	AGTTTACTTACCGCTGGAGCAAGCC	25	forward	slr0662	
5'UTR	ACTATTGGGAATAGCCTAAATTACA	25	forward	slr0661	
5'UTR	TCGGTAAGCAAAACCACCGCAA	22	reverse	6803t41	
5'UTR	AAGCACCCGATTGCTGTTGCAATTAACC	28	forward	slr0656	
5'UTR	TTGCCCAAGGATTATTATTTGACCGCCTTTGGCCATTTCCAGCGGCGCCGGCCATTGCCACCATTAACCACGGCCACGCCAATCTGTACACTTACCATTGGTGTTGTTTAAATAATCTGCCCCTACCGACTGGTTTGGACGATCGCCAACCCCAACAATTACTGAGCCTTTGACC	175	forward	slr0655	
5'UTR	AGGAGATGGCTATATGGTTAACTTAGCGATTTTCGTTGATTTATTCCTAGATAGGTATAAAGACT	65	forward	slr0654	
5'UTR	CTGCATCTGTTAAATTCTAGCTTTTGGTCT	30	forward	slr0651	
5'UTR	TTTGCAGAGCACCATTCAATCGCAGCAAGGAGATAGTTAC	40	reverse	sll1363	
5'UTR	GATAGTCAAAAATTTTTAGCTGAGGTTAGCGAGCG	35	reverse	ssl2667	
5'UTR	AAAGCTATGGGTATTTTCCAAGTAAGTCGACGACTTAATCCCATTGAGTAAAGTACTGTTACTGGTTGCCTAATTTTGACTTTTTTCA	88	forward	slr1464	
5'UTR	AATTGTGGCTGTTTTAAATAGGCCTCCCCTTTGGCCTGTCGTTGTGGCATAAAGTCTAGCTAAGGCCCAGAACCCCGACCGGCAAACAACACGACCCCATAACCTATACATCCAACCGCCCCTCTGTTTGCTGTTGGCTAAAATTTACACGTAAATTCCT	160	forward	slr1463	
5'UTR	TCAAAGTCAAGCATCGTCTTGGCATTATTCCCTGTTTGTCC	41	forward	slr1462	
5'UTR	AGACCAGAAACTAGATCCT	19	reverse	sll1366	
5'UTR	ACTGCCTGACAAGGGCAATATGGCCATCATCACACATCGCAGGAATTTGCT	51	forward	slr1451	
5'UTR	ATTCGAC	7	reverse	sll1329	
5'UTR	GAACTTTCAGTCAGGGGTCTAGATCG	26	reverse	sll1330	
5'UTR	AATGTTTTTTGTTGGGAGCCCCCATGGCGATCGCCAATTCCCGTTTTCGTCCCTGGCAG	59	forward	slr1428	
5'UTR	TGGATTACGCCTGCCTGGAAAGCTACTTGACTACCCTATCCCGACCAGGATTTGTCTCTAGATATACTTGCAAACCAACTTTTTTACTTCTTCTTCAACC	100	reverse	sll1336	
5'UTR	AATTATCGGCAAACCTTTCTGGGGTAGTCTTCATTCACC	39	reverse	sll1340	
5'UTR	AGCCCTGTCTATTGTCTAGGTAGATTTGTGCCTAGGTTGTTCTGTCCGCTGTCCATTTTTGCAAGGTATTTTTT	74	reverse	sll1341	
5'UTR	TT	2	forward	slr1423	
5'UTR	AATTACAGGTGCGGTGAACCGGCAGGTGATTGTAGACGTTAACATTTATGGCTT	54	forward	slr1423	
5'UTR	ATTAATAATCCTTAAATGTACTGAGCTAAAACAGAGAGGGCAAGACGAAC	50	reverse	sll1342	
5'UTR	CTACGCCAGTCCTACTTTTGGGCAAGGTTTTTGGTTACCTTTGCCATCCCGTCGAGCACCTCATTACTTTATTTCTCCT	79	reverse	sll0524	
5'UTR	ATTAAC	6	reverse	sll0525	
5'UTR	CA	2	reverse	sll0528	
5'UTR	AATCGTTACTTTTCATTGGACTAGGATTTTTTCCC	35	reverse	sll0529	
5'UTR	CTGGGGTTCTATCTATTGGGCCCCGGCCAATTTCTTTGTCAGTCCGGTAATTGTTGAGCAAAATTA	66	forward	slr0552	
5'UTR	AATTGGGTTGACCGCCACAGGTCTTCCCCGAGCCATTGCGTTGCGGGGCTAGAAGGGAAACATTTCCCTCGGTCTAAGTGAACCTAGCATAACACGGGTAGAAGGGCCCACAGACCGATTTCTGCAGTCCTTCCCAGCCCTCCAGGGGTGAACTTAGTGCCCACTGCCCCCATTGT	176	reverse	sll0533	
5'UTR	GTTGACCGCCACAGGTCTTCCCCGAGCCATTGCGTTGCGGGGCTAGAAGGGAAACATTTCCCTCGGTCTAAGTGAACCTAGCATAACACGGGTAGAAGGGCCCACAGACCGATTTCTGCAGTCCTTCCCAGCCCTCCAGGGGTGAACTTAGTGCCCACTGCCCCCATTGTTTCACCATCGAGATTTCCCATCA	193	reverse	sll0533	
5'UTR	AAAGTAAAGGAAAAGTTTTTTTTCCCCACTCCTTGGACGCCGGCTTGATCCCTGTCCGCCTTTTTCTTAATTTTCCCTACCTTTCCCCGTACCTAACCC	99	reverse	sll0534	
5'UTR	ACGGACGGTGTTTTTCCATTCTTGGGCTTTGCCGATCGCCGTTTAGTCCGTTTAACT	57	reverse	sll0536	
5'UTR	CTA	3	reverse	sll0896	
5'UTR	ACAGAAGCCTTGTCAATTATTGTTAAGCAAAACATCGACGCATT	44	reverse	sll0897	
5'UTR	ATTACCGTTCCGGCGACAGTTCCCTAGGGGACTAGGGGTTAACCA	45	reverse	sll0898	
5'UTR	GAGTTTCAACTTTG	14	forward	ssr1562	
5'UTR	GTGTATGAGTTTCAACTTTG	20	forward	ssr1562	
5'UTR	GACGATCAGGACAGAAAACCATT	23	reverse	sll0899	
5'UTR	AATTCGATCGATGTTAATTCGACCACCACATTGGACAATCGGGGATAACGGCT	53	reverse	sll0902	
5'UTR	TCGTGAAAGCAATGGGTCGATGCCCGAGTGGTTAATGGGGGCGGACTGTAAATCCGCTGGCTATGCCTACGCTGGTTCAAATCCAGCTCGGCCCATCCCTTTT	103	forward	6803t38	
5'UTR	ATCGGGGCTTATCATGGGGCATTATTGTCCAGCCCAGCCCTTAGTTTTTGATTATTTAACGTTCACTTCCCCTAACATCATCGTCC	86	reverse	sll0502	
5'UTR	GTTATAAAGTGGAATCCGTGAGGTTGCA	28	forward	slr0537	
5'UTR	ACGGCTCAAGTAAAACCCAGCCCCTGGCCGTATTTTCGGTGGACATAATCAGGGGTTGCTTTA	63	reverse	sll0509	
5'UTR	AGGCGTAATTTTACAAAAAAAATTTATCTAGGAGTAATA	39	forward	slr0536	
5'UTR	AGTCAGGCACTCGGGCCAGGTTTTATCCATCCCTCAAGGTGTGATTTACTGATTTCCGCCCGGAAAAATGGGTCCCGTTCCCCGCATTTACT	92	forward	slr0535	
5'UTR	ATTGTTTTGCTCAATTTACCCGGGTCGGGGCATTGGGAGATTTAAAGATCCTAGGATCTGCCAGGTTATGGAGTGACCAAAAACTCGCCTTGGCCCCGCTGGAACCTATTGCCTAGCATTGCAGACCTGAATAGGTAAGTTGAGAGTCCGCTTAAATTTTTG	162	reverse	sll0513	
5'UTR	ATTGACGGCAGATTTGATTGGGGAAAAACAACC	33	forward	slr0528	
5'UTR	AAACAGTGCATAAATTCAGTGGAGAAGTGCGACAAAGACAATTTCCCCGGCGGGGTTAGGGAACAAACTAAAACTTTGCCAACAGGCTGCCCAGGCTCCAGCAATGACCATAACCGATTGACTGCCGAAAAATCT	135	forward	slr0527	
5'UTR	GACGGCTCGTGCCTATAGCTTATACCAACCTTTACCTAACTCAAATTTTCGAGCTTAGCTTTCC	64	forward	slr0525	
5'UTR	ATAGAGTAATGATCGGTTGGTAGCATTTGTTTCTAGTATTAACGGTTTTTCGCGTTTTTCCATTGACAGGCATTTCTCCGAAATCACCCTCTACATATCCCTCAGTTTTTGGAGAAAATCC	121	reverse	sll0517	
5'UTR	ACAAATTGCCTATTTTCTGCGAACCCTAGGCGAAAATTCCTCGCAATCCCAAGCTCA	57	reverse	sll0026	
5'UTR	ACCCTAAACCTTTCCGTGAATTGCTCTGGGCATTGTTGACGTGTCGGGGAGTGCTTTGGTTCT	63	reverse	sll0031	
5'UTR	AAGCAATGAGCTGCAACGATCGCCAACTGC	30	reverse	sll0034	
5'UTR	ACAGGTTCAGATTCACA	17	forward	slr0036	
5'UTR	ACAGTTACTAAGGCAAACTTCTCCAGCCACC	31	forward	slr0031	
5'UTR	ATGCCCCCCTCCTGCTGTTGACCTGCCTCTTCCTTTGATTAA	42	reverse	sll0038	
5'UTR	AATGTCTATAATAGCTGGGTTGGTTTCGTCCCCTGGACTTGCCGTCATAAAAATACATAAAGTTATGTGAAGAAGGAGACCGGCC	85	forward	slr0022	
5'UTR	GGTTTTATTATCCTTGCTTACGTTGAGTCTAGCCAGCAGTTTTTAACAGGAGAAATT	57	reverse	sll0047	
5'UTR	TACGTTGAGTCTAGCCAGCAGTTTTTAACAGGAGAAATT	39	reverse	sll0047	
5'UTR	AGGGACAATCATTTGGGAATATGCCAAGCAAATACCCGAATCTCTCAACTTCCCGAATTAACAGAATCTACCAATCCATCCTAGGGCGCCGACAAGCCG	99	reverse	sll0048	
5'UTR	AAGGTTGCTGGCCTTTGGCTGTCGATTTTGCTGACAGATTTAAATATCAAGAACC	55	forward	slr0765	
5'UTR	GTA	3	reverse	ssl1255	
5'UTR	AGGACATTCAGCACCTACAAAATCGCAGTTGGTT	34	reverse	sll0658	
5'UTR	AGGACGATTAACTGTCCATT	20	forward	slr0713	
5'UTR	ACCGACAACAAAGATTTTTTCATCCCAAATTATTCATCCCCCATTGAGGAATTGACT	57	forward	smr0003	
5'UTR	AGTTTCTTAGCTAGTTGGGCCAAAACTAGAATAACTTCTGGTTTGCCGGGACCCATCAGCCAAGATTAATTACTGGGGGAGTTCCGGCCATTGCCCAGATAGTGAACTATCACCTTGATCACCC	124	reverse	ssl1263	
5'UTR	AACTTCTGGTTTGCCGGGACCCATCAGCCAAGATTAATTACTGGGGGAGTTCCGGCCATTGCCCAGATAGTGAACTATCACCTTGATCACCC	92	reverse	ssl1263	
5'UTR	TGGTTTGCCGGGACCCATCAGCCAAGATTAATTACTGGGGGAGTTCCGGCCATTGCCCAGATAGTGAACTATCACCTTGATCACCC	86	reverse	ssl1263	
5'UTR	GTTGATTAAACAAATTTGTTCGGAATATTCAGGCCGCCCCGCTCCAGAGCCAATAGCGGTCCCACTGTTCCAGGAGTAGCAATT	84	forward	slr0710	
5'UTR	AGCAAGCCACTCTTTT	16	forward	slr0709	
5'UTR	GATAGTGTTCTGAGCCGCTC	20	reverse	sll0782	
5'UTR	ATTATCAGGAAAGATAGAGTTCAATACAGGTAGATAAT	38	forward	slr0801	
5'UTR	AGGTTTTTCTTTAAATCACGTTGGCCGCC	29	forward	slr0798	
5'UTR	GA	2	reverse	sll0794	
5'UTR	AATAGGATGAAACAAATTACGCCAACGGAGCTGAGGGGTAATCTTTACAACCTGCTAGATGAGGTGCTGGCAACCGGCATACCGCTGGAAATTAATCGGGGGGGTAAACGCCTA	114	reverse	ssl1493	
5'UTR	AATGGCCCGGCTCGTATCATGCTAGGCTATGCTGTGCTAGCATGAACCAGCATGATAGGACGAGGCTTTAATCT	74	forward	slr0786	
5'UTR	AGGTAAAGCAAAAGTGAGACTTAAG	25	reverse	ssl0511	
5'UTR	ATAGTACTAACCACAAGGTTTGAATATTAACCGATCGCCACCGTTGTCCCCATTTTTGACCCGCCCCAGAATTT	74	reverse	sll0284	
5'UTR	AATATTAAGAGTGGATGGTTCATTTTGGGCAAGGGTTAAAAACCTTTAAATTTTGGATGATTGCCAGGGCAAGTCTTTGACATCCCGCAGAGAAAATTATGGGAAGTAATGGCTACATCAGTTGATTCAAATCAGTTAAAGGGGCTTCGCCCGGCAAAACC	161	forward	slr0302	
5'UTR	ATCGATTAGGGGTAAATAGAT	21	forward	slr0301	
5'UTR	GATCCTACGGCAAAATTCTAAATTTTTTTG	30	reverse	sll0288	
5'UTR	AGCTAGGGGTGTCTAGAAAGCTAGGCTGAGAAAAACCCTTAGAACCTGAGACTGGGTAATACCAGCGGAGGGAAGCTCACCATTCGAGGAAATTTGT	97	forward	slr0118	
5'UTR	TTAAATGCTAGGTTAAAATTTTCACTTTCCTTGCGCCTAGCCGGATAACCCAGGAACGATAATTTGCAGCAAACCGTCACCGTGGCCTCTACCATGGGAGGGTTTT	106	forward	slr0114	
5'UTR	CATGGGGTCGCCGTGGTTCAGTTAACCACCTGACATCAATGGCAAAGACAACACACCGATTCAAGTTCCGTCA	73	forward	slr0112	
5'UTR	AACGGTAATAGGTCAAGGTAGGGGAAACGG	30	forward	slr0110	
5'UTR	AGAAGCCAATTTTTACCCATATCCTGGGGAGTTAGCTGGTGCGTGAAAGTTATCCAATTGTTGATTGATACGA	73	reverse	sll0094	
5'UTR	AGTCTGAAATTT	12	forward	6803t36	
5'UTR	AAGTCTGAAATTT	13	forward	6803t36	
5'UTR	ACCACTAACATTTTCCCTTTGCCACTTTGCTATCCTCTGCTTCCCAACACACCGATGCTGCCCTG	65	reverse	sll0100	
5'UTR	CTCAACAGGAATATGCACAGATCCTCCCCACCCATGGCAATTAACTGGACAGCCCAACATTTTCCAGCCGTTGCCCACCCATTGGTGCT	89	forward	slr0104	
5'UTR	GTGTTGAATGTAGGAAGTTTGGAATTTGTCCATCATTGATGATTTTGGTTGCCCCCAGGAGTCAGCTATCTCCGCCCTCCGATCGCCATGGTTAAAAATGTTGCGACAGCACCGGGCGATCGCCGTTATTCGCACTGATTCCATCGACCTAAGTCTGCAATTGGCTAAG	169	reverse	sll0107	
5'UTR	AGGATGATTGACTGACCTTTTGCCAATTTTGCCTGA	36	forward	slr0626	
5'UTR	AATTAACGAGGAGGTTGAGG	20	reverse	sll0109	
5'UTR	ATCTGTGTTGGTGACCT	17	forward	slr0624	
5'UTR	AATTACACTAAATCCTCTAGCCCATCTTCCCAAACCC	37	reverse	sll0584	
5'UTR	AGCCCATCACGAGGTTTAGAAGGATTTCCAGT	32	forward	slr0623	
5'UTR	CTAATCAGCCCATCACGAGGTTTAGAAGGATTTCCAGT	38	forward	slr0623	
5'UTR	ATGGTAGTATTCTAATCAGCCCATCACGAGGTTTAGAAGGATTTCCAGT	49	forward	slr0623	
5'UTR	GTTTTCCCTTTAGGTTTCGTCC	22	forward	slr0615	
5'UTR	AGACAGGATTTTGTGTAGTTTTTCAATGGCTTTGGGGCC	39	reverse	sll0593	
5'UTR	AGTTGTTGTGCAGTTGAGGAAATAGTT	27	reverse	sll0595	
5'UTR	ACGGCTCACGGCAGACACTTTACCCCCATGTCATGGCAGATTACTGGTGTTTCCCTTAGTCGGGTGCCCGGAAGCAAACCCAGGGTTTTCGATCCAATCATAGCGGATTCTTTCCTCGCCAATCTCTTTAGGTTTTGCAAAACTTAAATTAACCTCCAATAAATTTCTCTT	171	forward	slr0523	
5'UTR	AATTCAATCTTATCTGTGTGATCTTTACCAACGGCATTTCCTTGGTTTTTATTAATTGCATTGAGTAGCGATAACTTTG	79	reverse	sll0471	
5'UTR	AAGCCCAAACCCCAACAGCTTTTTAAGGGAATACTTCATTGCGGTCTGGGAAATATTAAGGGAATTGGCAAATCTGATCAATGCACCTATTCCGGCCAACACATTCAGTAACCT	114	forward	slr0517	
5'UTR	AGCCATAACCG	11	reverse	sll0478	
5'UTR	AAGTGGATGATTTATTAGTCCAAATGGTGGAAGTAGGCGGCGATCGGGTCCTTTTGGTGGTTCATAAATCAGACCCAGAGCT	82	reverse	sll0479	
5'UTR	CGCCCTTTAATCACCAAGCC	20	reverse	sll0480	
5'UTR	GAGAAACACAAGCTTTCAAGGTA	23	forward	slr0503	
5'UTR	AAGCTCTTTTTCCCACTATCTATTTGCCC	29	reverse	sll0484	
5'UTR	CAGGGCGAAAATTTTGCCCCCATTCCTCTGGCGATCGCCAAAGCTCCAGTTTTTTCCCAATT	62	reverse	sll0487	
5'UTR	AGGCTGTTCTGAAAAAAGCCATTGCCACTCAATTTCACCAATCTTTTCCCC	51	forward	slr0500	
5'UTR	ATATCGACAGAAAAATCTTGATAACTGGCATTACCGCAATCTGTTTTGGTCAATTGTTTTATTACTATTTTTTACC	76	forward	slr0498	
5'UTR	GTTAGGGGTAAGGCTGGGGCAGTTTGATCAACTCCATAGCCGGTTTGGATAAACTTTTCCTGGCTTTGCTCCAGGGCGGCAGTTTCAGGTCACAGGAGGGACACTTGT	108	forward	slr0093	
5'UTR	GTTTTCCTTCATCTCTGGTTTTGTC	25	forward	slr0086	
5'UTR	AACACACCAATTTCACTAATCTGTTGGCATTATTTGAGATTTGAGAACC	49	reverse	sll0080	
5'UTR	ACAAATAAAAAGGGTCTGACCACCGTTCCCCATCCGCAGGCTGTATTTACAGAATTTGCTGATCATTGCCTGGTTTAGTCCCTACCCTACATCCCTTGGACTCGAACTCAGTCAATAGTCAGTTAATCCCTAGTAATTAATTT	143	forward	slr0082	
5'UTR	ATTTTTAATCTAGCCAAATAAATATTCACACCGATAACCTTGAGTGCCCTCCGCAAAGCCCTGTTCCTCGACCGTGACGGCGTCATCATTGACTATATTCCCTACCTTGGTAAACCGGAGCAA	123	reverse	sll0084	
5'UTR	ACTGCACTAACTAAACTAATCCACTTTGCCCATCTCCAAGGATACTGCCC	50	forward	slr0076	
5'UTR	TTTACTGCGTTCATTGTTATCTTTAGCTCGCTGGCGGTAT	40	forward	slr0073	
5'UTR	ATCCTACTCAGGCGGCCCGCTGCACCTTTTTTGGACTAGAGTTAACTTTTACTGCGTTCATTGTTATCTTTAGCTCGCTGGCGGTAT	87	forward	slr0073	
5'UTR	AAAGCATCCTACTCAGGCGGCCCGCTGCACCTTTTTTGGACTAGAGTTAACTTTTACTGCGTTCATTGTTATCTTTAGCTCGCTGGCGGTAT	92	forward	slr0073	
5'UTR	ATAAGATAATAAAGCATCCTACTCAGGCGGCCCGCTGCACCTTTTTTGGACTAGAGTTAACTTTTACTGCGTTCATTGTTATCTTTAGCTCGCTGGCGGTAT	102	forward	slr0073	
5'UTR	ATGAAGTTGACAACAAAAAGCCATTACAGTGTTAAAGCCTTACTGGATTTAGCTCTACAACCGG	64	forward	slr0846	
5'UTR	GTAGCAAGGAGCAAAAGAGTCAACCATTCCTTCGACTAATCTTCCCTTGCTTACCAATTCTGATCAATCTCAATCACCGAAAACTTGA	88	reverse	sll0822	
5'UTR	AGCCGAGATTCTAACCAGGAGGTGTTGATTCC	32	forward	slr0845	
5'UTR	AAACAGCATTGGAGAAATAAGACC	24	reverse	ssl1533	
5'UTR	TTACC	5	forward	ssr1425	
5'UTR	TTGTGCCTAAACTGCAAACTGTGCTGGGGTAACGGTTATTGATT	44	reverse	sll0825	
5'UTR	AGAAACTGAAAAATCATTCTACTAAGCTTAACAATT	36	forward	slr0839	
5'UTR	ATGATTTTTCAGTTTCTTTACCAAGTGTAACAATAGATGGCGAAAAGGAAAGAATCCCAACCTACAAACGGCGTCCCAATTTCTTTCTAGGTT	93	reverse	sll0829	
5'UTR	GCTATTTTGGCGATCGCCCTAAAATTTT	28	reverse	ssl1552	
5'UTR	TTTTGTTGATTGAGCGTTATCTGGATTTGGATAGCGGCCGTTGCTAGGGGACAAATTTTT	60	reverse	sll0833	
5'UTR	ATGGAAATCTATTTTAAATAGACTAAAGACTATGACTAACCCATTTTTGGGGATATTGAATA	62	reverse	sll0834	
5'UTR	ATCCCCTTGGGGAATTTGGGTGCAGAGGAGTAAACTTT	38	forward	slr0827	
5'UTR	TTTGCGTATAAATTACCGTATTCCTTCCCGCAACAGTT	38	forward	ssr1398	
5'UTR	ACTTCGATGGCACAGAGTTGGGAGCAATGACCC	33	reverse	sll0540	
5'UTR	TTCGAGGGTGTCGTAGGGAGAGCCCACCGCCGACAGTAGTTCATCCCCCGGTCGCAAAATGCCGTACAACGCACAGGCGATCGCATGGGTTCCGGACACAAACTGTACCCGTACAGCGGCCGACTCTGCCCCCATCACCTGAGCAAAAACCCCGTCCAGAGTATCTCTGCCTAGGTCATCATGGCCATAACCACTCACCCCGGCGAAGTGCTGTACCCCTACCCGATGGTGCCGAAATGCCTCTATGACTTTGTACAGATTTTCCTTGACCTTTGCGTCGATTTCCGAAAAGATTGGGACTAGGTTTTCTTCTGCTTGTTTAAGGAAGCTGGAATATTTCATTAAGACATTATTTAACTTTTGATGTTATTTGGGAATTCCCCTTAAACTATCTTTCAATCTTCGAGATCATCACCGATTCGATTTTCTTGGATGGTTGGTAAATCCCGGCG	452	reverse	sll0541	
5'UTR	GTTGGGCCCAAGCCATTAAAGACTTTGACGGAGAACC	37	reverse	sll0542	
5'UTR	CTATCGGATTGTTGAGCTTACCGGTAATCATCAAATAAAACTTGCAACATCGGGGGGCGGAGGTT	65	reverse	ssl1045	
5'UTR	ACCTGAGAAGTAGACGAGTTTTTGGGGGATAACCAGGGTCTAATTTTAGCGGAA	54	reverse	sgl0001	
5'UTR	AGTAACCGCCTTTGAGCACAGTTTCCACTCTCGGCGTCTCAAGCACTATGGGATATTTAGTTTCGTTTGTTCTTTTGGTGGTCTACGTCGGCGGGG	96	reverse	ssl1047	
5'UTR	GGTTAGATTACTAGGGTTCAATTACGCCTAATTACGTCTTTTTTCCTTCATTCAGAGTCTATTCTGTCCGATTCTGGACCCTTTTCCTCCCCCGTTCACC	100	reverse	sll0547	
5'UTR	ATTGCCCCATGAGTCTTGGAAGAAAATAATTTCCGATCTCCACCTAATGTAACCCAGCCTGAGCGCTGTGATTTTTTTCGGGTTTTATTTAGGCTGATTCTTACC	105	reverse	sll0549	
5'UTR	ACCGATAAATTGATGATGGCTTGACAAGGGAAAACTAATGGTCGGTGGTGGGGAACTTTTGCCCCCAAGGACTGGACGAAGGGAAAAAGCCAATTATGTAAAGTTTTGTTATT	113	reverse	sll0549	
5'UTR	ACCGACGGCAAAATTGGCGTTTGTGCCGACCATCTAAATTCCCTTGAGAATCT	53	reverse	sll0554	
5'UTR	CGGACAT	7	reverse	6803t35	
5'UTR	AGGTCGAGGGGAACTTCCCCATGGCCAGACTGTCATAGCCTCTGGTTTGGGAGGGCTGACCATGCCTTGGCTACAAACCTTTTCTTTTCGGCGATCGCCATTTTCCTTGGCCCGCAGACATTTAAAAAACAAGATTTTCGTGAAGATTAAATCAATATTTTTATTGTCATTACTTTTTGAGGCGACAGCAACA	193	forward	slr0924	
5'UTR	CGGCAAATTATTACATTTCTTGGGAATTTCGCTT	34	forward	slr0923	
5'UTR	GTCTGCCCTTAGGTAATGGGATTAATGGGGTATGATGGGAAGTCGGCAAATTATTACATTTCTTGGGAATTTCGCTT	77	forward	slr0923	
5'UTR	AGGCCATTGAAAAGAATACAGGCATAGTC	29	forward	slr0920	
5'UTR	GAAACCAGCCATATCTTTTGATTTTTCACAGTAAGAGTAAGCATTATCA	49	forward	slr0918	
5'UTR	AGCG	4	forward	slr0915	
5'UTR	GTCAAAGCCCCTGGTAAGCAATTGAAATTAGTTGCTTTTACTAATTTTTAACATCCCTTGATTATCACC	69	forward	slr0907	
5'UTR	AAAATCAGGCTAGGTGAACTGAGTTTGTGGGTCGACT	37	forward	slr0904	
5'UTR	AGTAAAATAACTCGAGGGTAATATTGATC	29	forward	ssr1528	
5'UTR	ACTGTTATCTGGCTTGAAGCGTT	23	forward	slr0898	
5'UTR	GCATCCAGTTGATCCCATTCCCAACTCCAGATTTTTTTA	39	reverse	sll0886	
5'UTR	ATTCAGTCCACCATTGACAAGACT	24	reverse	sll0887	
5'UTR	CTAATTATTTCTGAAAACGGTAGCCT	26	reverse	sll0888	
5'UTR	AGTTTCAGAGAAATTTATCCTTGAGTTAAAAAATTTCCCCGTTCGGCTGAGC	52	reverse	sll0178	
5'UTR	GATGCCATTCTTTGCTGCCCT	21	forward	slr0211	
5'UTR	ATTAGCCCAGCCATTGCCGATGGCGTCAATATTTCTTTGGCTTTGAGTGTCACT	54	forward	slr0210	
5'UTR	AATTCTATTTATTAGCCCAGCCATTGCCGATGGCGTCAATATTTCTTTGGCTTTGAGTGTCACT	64	forward	slr0210	
5'UTR	CTCTATGTCCACGGCGCCATTTTTTGGTTTCCTGGCCCCTAGACCTTGTCAATAAACTAAGCCAACCCTAGAGAAAAGCCCT	82	forward	ssr0330	
5'UTR	GCAATCAAGCTATATTGTGCGTTAGGAGTTGGCTAATT	38	forward	slr0208	
5'UTR	AAGGAATTGCCTCGTCACCACCCATGAATAAGCTTC	36	forward	slr0207	
5'UTR	ACCTTCCTTGCTGGCTTTTCTCGGCCATCTTGTTCACCTGAGTCAATTAACTATTTCCGTTGCGTCGTTTTTCGGCTTTTACACTCCC	88	reverse	sll0180	
5'UTR	ATCCAAAATCAGGTAGCCATT	21	reverse	ssl0352	
5'UTR	AATTTTAAGTGCAGTTCCCTTGGCGTTAACCC	32	reverse	sll0183	
5'UTR	ACCGGGATTATAGAACCATATTGTCCAGGCAAACCCCGACTATAGTCGGAACAGTTTGTAGGGGCAGCGCCGACAAAAAAATAGACAATTAAAGAATGTTACCCTTGACTTAACATCGAGTCCCAGTCACCCCCGGACCTCC	142	reverse	sll0184	
5'UTR	AACATCGAGTCCCAGTCACCCCCGGACCTCC	31	reverse	sll0184	
5'UTR	CCGGAGTCGAAACAAGGAAAGACGCCCAGGGGCTTTTTCTTGCCTTTTTTTTGCCCTGAAAGATTTTTCAAGCTGGTCTATGCTCCCCGTAAAAGTTCGGGATGGGCAGCCACTGTCCTTTGGTTTCCCCGTCGGTAGGG	140	forward	slr0199	
5'UTR	ACTGTTAGCCCAATAGTCAACTTTTTTAATATCCAACAGGGCCCTTTGCCCGAGCAATTTCTCCTACAGAAAATATCCCCGGAGGTATTTAGATC	95	forward	slr0193	
5'UTR	AAATCAGACAGCTCAATGAGCAAATTCTGGGGCAAACCCCCCGCCCTTGATATTCATTTTTCTCCCTAATTACCACCTCACTGCGT	86	forward	slr0192	
5'UTR	ACTGTGTAAACGGCCTCCAGCACCGGCATTTTTCCTCACTTTGCCCTG	48	reverse	sll0188	
5'UTR	ACTGCATCATTCGATACAATCAAGGCGATTGGAGCATTAGGGCTAAAAAACATACCCATAACCTCCAGTTTATT	74	forward	slr0426	
5'UTR	GATCGAAATCCCCATCACGTCTCGGACAGTTTTACCT	37	reverse	sll0370	
5'UTR	GTTAGAACCGATAGAGCTAAGCATACGGGTTAACACCAAGACGAAATTGACACCATCACCAGACCACTGGATTGTAGTCAGAGTTGCAGAGAAGATCAAGCCACCGGGGGTCACTCCAGGGGTACAATGCCTGCTAATCT	140	reverse	sll0379	
5'UTR	AATCT	5	reverse	sll0379	
5'UTR	AGGGACAAGGGCAAATAACTTCCCCATAGATTAGCAGGCATTGTACCCCTGGA	53	forward	slr0420	
5'UTR	AAGTTATTTGCCCTTGTCCCTGCTCCGATTATCCCCCATTCCGAGAGATTAATGTTGACTGATAACCGCTTGGGAGAAGCGACCTTGTCCCCATCT	96	reverse	sll0379	
5'UTR	GCGATCAAACATTGGGGGATAAACC	25	forward	ssr0693	
5'UTR	AAATCTAAATGTAAGTTTTTCACTGCCTTTCGGAGGGTAGAAGTA	45	forward	ssr0692	
5'UTR	TGTTTTGAGCCCTGTTATCTGTTCCCCTTGGGGGGAATTGGAGCCCAACTCAAACCTTTCAAACTGCCTTGGAGTAATTGC	81	forward	slr0417	
5'UTR	ATTTGCTATGCGATCGCCTAGTTTGCC	27	reverse	sll0396	
5'UTR	GAAAAAACCGCCATTGTTTGCAAAATTGCCCCACGAGGATT	41	forward	slr0645	
5'UTR	GTTTTGATTGCAATCGTTACTGAATAGAAATCAGTCACCCAGGATAGCCCATA	53	reverse	sll0608	
5'UTR	AAGACAAATAATCCCGAATAACT	23	forward	slr0634	
5'UTR	GTGTTTACTGCGTTGCTCTGTTCCTGGCTGATCT	34	reverse	sll0615	
5'UTR	GTGCTCAATTTTTAGACTAAAGAAATAAAGTTAAACCCCG	40	forward	slr0628	
5'UTR	GGTGTGAATTCTTTTCGCAAGATGAAAGGGTCAGCCCAAGTCTGTCCT	48	forward	6803t33	
5'UTR	GTTCAGTCGCAAATATCCGAGTGGGGAGGCGATCGCCATTGATCTTCCTTCCCATTTGCCTTTCCTAATTCCCCATTTTTCC	82	reverse	sll0681	
5'UTR	AGGAAAGGCAACGGGAGGAAAATT	24	reverse	sll0455	
5'UTR	AGCCCTTACCTTTACCGAATATCTGCCATCCCCCGACGATGGCACCAGTTTTAGTCCCCGT	61	forward	slr0487	
5'UTR	AGTTTTTCGCCATTCTTCCTCCCCTTTTTTCAGGAGCG	38	forward	slr0484	
5'UTR	AAGCTAAACAGTGCCCCAATATGGGAAGCT	30	forward	slr0483	
5'UTR	ATAAAGACATCGCTCCCCATTCTATCGCCATCGGATGTCAAAGTTAGCCCGTTGAGGGCAGGATTGCTCCGGGGCCCAAGCCCCTAATTTTTAACCT	97	forward	slr0477	
5'UTR	GATGTCTTTATAAAATGAGGTTAACGCGAT	30	reverse	sml0002	
5'UTR	AACGCGAT	8	reverse	sml0002	
5'UTR	ATTAATCGAATATTTATATTAAGGAGATAAACAGC	35	forward	slr0476	
5'UTR	AAGCAGAGTAATGCTAACAAAACACGGTGGGTGGCCTGTCTGTCTCGCACAGTGCTTTATTGTTGATCAATTAATCGAATATTTATATTAAGGAGATAAACAGC	104	forward	slr0476	
5'UTR	GATTAAAGATAACTATCGTGGCTGGCCATTCAGCGGTGTATCTTTGAAGACAAGCAGAGTAATGCTAACAAAACACGGTGGGTGGCCTGTCTGTCTCGCACAGTGCTTTATTGTTGATCAATTAATCGAATATTTATATTAAGGAGATAAACAGC	155	forward	slr0476	
5'UTR	CCCTAGCCTTTCCTTTTTGTTACTTGGGTGGGTGTCCGTCAAACAAACTGTCCGAAATAAATCCATCTTTGCGGGTGGGCTTTGCCCCCTATAATTTTCG	100	reverse	sll0461	
5'UTR	CGATAGTTAAGCAAATTACAACCAAGTACAGTCGTAGTTCATCGGACTAAATCTACCCTTTTTGAGGATATACCCCA	77	reverse	sll0051	
5'UTR	AGACTAAACACATCGTTTTCCAACGCTAGAGCTGGGTGGGCCA	43	reverse	sll0053	
5'UTR	AGCCAATGGTGACCATCGGTGATTATTCACAATGATAATCCTCCGGTCTAGTTAACTGGCCGCACTAACTTACCTGAATTGAAATAACATCG	92	reverse	sll0057	
5'UTR	ATTCCCTAGCCAATGGTGACCATCGGTGATTATTCACAATGATAATCCTCCGGTCTAGTTAACTGGCCGCACTAACTTACCTGAATTGAAATAACATCGTCATAACTCCCGATCGGATTCGGAGTTTTTTTCAGGTC	137	reverse	sll0057	
5'UTR	AAGCGTAACCCGACCTGAAAAAAACTCCGAATCCGATCGGGAGTTATGACGATGTTATTTCAATTCAGGTAAGTTAGTGCGGCCAGTTAACTAGACCGGAGGATTATCATTGTGAATAATCACCGATGGTCACCATTGGCTAGG	144	forward	slr0063	
5'UTR	CAGTTC	6	reverse	6803t32	
5'UTR	ACGGTCCTATGGGCGATCGCCGCCGAACTTTTTTTTGAGAGT	42	reverse	sll0062	
5'UTR	AGTCGTAGCTC	11	forward	slr0054	
5'UTR	AGCTGAAGAGTAGTCCGTCGGATCTTAAACGATTGTTTTTGCCCTTGCCATAGATTTTT	59	forward	ssr0109	
5'UTR	TGGATTTATCAACGAATTTCACTAACTTTGCACGACTGGGCCCTAACCCAGACCGGTGGAATTTTACCCCAATGGCCACCGGCGATCGCCTTCTTTGCCCCCC	103	reverse	sll0065	
5'UTR	GTGGACTATCGTCTCATATTCCTAGGGCTGTATTCCTTTGTCTTTG	46	reverse	sll0070	
5'UTR	GTTAGAGGCGATGGGCCGGCAAACTCAAGCAGAAAGCC	38	forward	slr0440	
5'UTR	GGGGACAGGCTGGCCCGGGCCGGCGCAATTTTTTGTTAATCCAAATCTCTAAGCAACAACAGTAGTGGCATTGTCCGTTATAGGTGAATTAT	92	reverse	sll0401	
5'UTR	AGTTGGACTGCTCAGTAAATACTGACAGTAATCTAAACGAGTGAAAAAAGTCATCCTACCACCTTAACCTCATCTATCTTGCGTAAGTCCT	91	reverse	ssl0769	
5'UTR	ACTAGCTAGCGAAATTACGATTATTTTCAGCTATCCATTTGTTCGGCCCAAACCCTCGTCAAATTTTCCCAAAT	74	forward	slr0438	
5'UTR	AGAGGCCACGCAATCAACTCCGTGCCAACCTACA	34	reverse	sll0405	
5'UTR	GAACTTTTGAGTCTTCCTTGGCTTCC	26	forward	slr0434	
5'UTR	GGATATCATGGAAGCCAAGGAAGACTCAAAAGTTCACCCAACATTCTACTAGGGG	55	reverse	sll0408	
5'UTR	AGTGTCAGAGTTTAGATCGTTGTTTAGGTCATTTCCTCCGATCCTTTGGTCGCCCTTTTTACTGTTATTTTCCTTTGCCCAACTCAGCCT	90	reverse	sll0413	
5'UTR	ATCTAGTGCAAACCATAGCATTGAGTGGGTAACTTGTTGTCAACCCTTCATTGTACCTTGCAAATATGGAGCAGGGGTTAGCTTCCATACTCCAGCTAAGTCCCTCCAAAGTATTGGTATTTGGAGGATTTGGAACTTTCCCTTTGAGCATCAAAAAGAAGG	162	forward	slr0431	
5'UTR	AGATAGGGTTAATCTTAATTGACCGGCAGTCTCGGCAGCGGAAAAATTTTCG	52	reverse	sll0414	
5'UTR	AGGGATGGGAATGCCTGCATTTTCCAAGGCAATGCCAAAGAATACGGCTCCGTAACCATATTGGCGGGCCAATTCCTGCAATGTCTCTAGCGAAAAAAATTCCCAACCCATGGTGATACTTATTTAATAATTCTTAATACTCTGCTTATTTTCAGTGTAACGGATGGGAGTGTTGG	176	reverse	sll0192	
5'UTR	TTTTAGTTTTCTCTATATATCATTCTTATTGCTCCAAGCGCCTAGAATTATT	52	forward	slr0229	
5'UTR	AACTTGTTTTCCTTGCCCTGAAACC	25	reverse	sll0194	
5'UTR	ACGTTGCTTAACATTACGAAACATTAAG	28	reverse	sll0195	
5'UTR	AATCGTTTAAGGGACACTGCC	21	reverse	sll0198	
5'UTR	GCCCAGTAGGCCCAGTGGTGTTTTTTGTGGGCTGAAGTCGCTCCCTGAGTTAGATTGGGCAACCGCT	67	forward	slr0226	
5'UTR	AGCCCAGTAGGCCCAGTGGTGTTTTTTGTGGGCTGAAGTCGCTCCCTGAGTTAGATTGGGCAACCGCT	68	forward	slr0226	
5'UTR	AGAAAGGAAAAACGTCCCTGATCGCCTTTTTGGGCACGGAGTAGGGCGTTACCCCGGCCCGTTCAACCACAAGTCCCTATAGATACAATCGCCAAGAAGT	100	reverse	sll0199	
5'UTR	TGTATTATAAAGACAACCGGGGGTTAATTTCTTAACCTTTCTTTACTTTGATTCTCTGGTCTTCATCGACCTTTTAACCGTCCATCCACAGGAGTCCAACGCCCCT	106	reverse	sll0208	
5'UTR	GTATTATAAAGACAACCGGGGGTTAATTTCTTAACCTTTCTTTACTTTGATTCTCTGGTCTTCATCGACCTTTTAACCGTCCATCCACAGGAGTCCAACGCCCCT	105	reverse	sll0208	
5'UTR	AGCTTTATGGCGATCGGAGTCGTTAACTGAGCGGAAAGCGATACCTTCCCCTATTTATTCTGACTATTATCA	72	reverse	sll0209	
5'UTR	AGCCGCACAGCAGGAGGAAACTTCTGGATTTTTCAGGAGTATTATTCACC	50	forward	slr0217	
5'UTR	ATTGTTGACGACCATGGCCTTGCCGTCAGTTAGACCCAGAAACGACACCACGAATCTAGTCTCTCTGAGGTGTGCCTGGGGATTCGCCCTCACCTCCAGTATAAATTCCTGACTGCCGATCGCC	124	forward	slr0213	
5'UTR	GGAAAATTGCAGAAATCCTTCTCAAGAATTCCCT	34	reverse	6803t31	
5'UTR	TG	2	reverse	6803t31	
5'UTR	GATACATTAGGAAAGGGCTTGTCGGCGAAGCTATTTAGCTGTTAGGTTTGTCCTTTTTAACCAAATTCGGCCTTCCCGTGCCTATCCACCGCCGTGTTTAAATCCTTCTCCCGCAAACTTAAGCGCTCTACCGTCAACTTTCTCCACCAGTTAGCGAACACATTGGAA	168	reverse	sll0002	
5'UTR	TACGTCCCCAAATTGCCTTGGTA	23	reverse	sll0006	
5'UTR	AGCTTTGC	8	forward	6803t30	
5'UTR	AATGGCCAGTGGTTCCATGAAAAAATTTCCCCTTGCCCTCTGAGCAAAGCTTAAATGT	58	forward	slr0016	
5'UTR	AGTTAAGTTTTTTGAAGTAGCTCGATCTGGATATAGTTGTCCCGATGGAGGCTTCATGAGGCAATCTCTCTACTGTTTTTTTGAGAAGAGGAAACATCT	99	reverse	ssl0020	
5'UTR	AGAAAACAGATAGTTGCTGGGTTATCGCAGATTTTTCTCGCAACCAAATAACTGTAAATAATAACTGTCTCTGGGGCGACGGTAGGCTTTATATTGCCAAATTTCGCCCGTGGGAGAAAGCTAGGCTATTCAATGTTTATGGAG	144	forward	slr0009	
5'UTR	AGTTTCAAGGGACAATTCA	19	forward	slr0006	
5'UTR	ATATAAAGAATTGTCTTGCGACCCAAATACCCATTAGGCAATAGAACTTAGGAGGATTT	59	reverse	sll0018	
5'UTR	GATTAGTTTTAGCTTAAGCAACGGCGGTA	29	reverse	sll0019	
5'UTR	AGCAATACACAGGGCACGCTGAGGTGATGGATTTAGATT	39	reverse	sll0020	
5'UTR	ACACAGGGCACGCTGAGGTGATGGATTTAGATT	33	reverse	sll0020	
5'UTR	ATATGGACTGCCAAATTGTCATTCAATCTTGAGAAAATATC	41	forward	slr0001	
5'UTR	ATCATTACTGTGTGACCCGGCGATCGCC	28	reverse	sll0022	
5'UTR	GTATTTGTTTGACAGGAACTGAGCCGAACT	30	forward	slr0357	
5'UTR	GCGCGGTTGAGAGCGAAAGCGACTCGAAAGCGCCCCGAACCTAGACAAAGAAATAGTTTGAGAGACAGAAACCAGACCCTTGTTAATTCAATTAACAAACCAAAGTCTGTTTCTACTTGACAAAGAGTGTAACTCAAGTCGGAAGAAATAGCAATAG	157	reverse	6803r03	
5'UTR	AAGTCTAATGTGGGCTTTGTAGAAATTTTCGGATATTTATTCCCCTAGCTCCCTTTTGTTGTTAACCCAGGAGGTTTAAAACTCTCAG	88	reverse	ssl0601	
5'UTR	AATTGTGATTGCCATAATATCCAGCTTTTGGCGGAACTGGCAGGGAGACTGCGTTTCAACTTTATCAAT	69	forward	slr0354	
5'UTR	ACAATCGTTAAAAATCCTAGTCAGTGGCCTAAGCATTCCGTCCCCTTGAGCTTTTGGCCTGTGCCCTTCCTTCAATCCATGGAGGAAAATGGCCAGTTCG	100	forward	slr0351	
5'UTR	ACATAATACAGGTGACATTCTCGTTTTTCT	30	forward	slr0348	
5'UTR	GCAATCTTGACTGAGCCTGGTTCCCAGACGTTCTGTTCCAACCTGCAGACTGTCTCTCTGGGGCTCCGTTGGGGAACATTTTCGGGCTTGATGGGGTTAACAATCCTATGCCGCGTTGACTATTTCTCTT	130	reverse	sll0319	
5'UTR	GTTAAAGCTCCCATGGATAAATTCAGCATAGTTT	34	reverse	sll0321	
5'UTR	ATGCGATTTTACGGCTCCGCCGGAGTCAACCCCCTCCATCCCTGATCCTTAAGAGAAGTCTAGCTTCA	68	forward	slr0342	
5'UTR	AAGGATCAGGGATGGAGGGGGTTGACTCCGGCGGAGCCGTAAAATCGCATATAATCAGCGTACTATGACGGTTTGACCAAGGGTGGAAAAGCTCCCAAACT	101	reverse	sll0325	
5'UTR	ACTATGACGGTTTGACCAAGGGTGGAAAAGCTCCCAAACTTGGCAAAAATGAGAACTACTCATCACAAAATGTAACACAGCTTCAAGCCCTGGGGAAAGGGAAGTCCGGCTGTGATTCTGTTCTAAATTTTGCTCCTCTATCC	143	reverse	sll0325	
5'UTR	GGCAAATTTTGTTGTGACCTTCATCGTTAAAGATTGGAATC	41	forward	slr0783	
5'UTR	GTAGAGGGAGTTTGGGCTAATCTGTCCAGGCTCGGACTTTTTTGTTGCCGAGGAGCAGGTCT	62	reverse	sll0754	
5'UTR	AAGGATAAACTTTTAGGAATTTTTTAGATTATGGAAAGTGTTGCTTACATTCTGGTGCTGACCATGGCCCTTGCGGTCCTTTTCTTTGCGATCGCCTTTCGGGAACCCCCCCGCATCGAAAAATAGTCCAATTAAAGGGTCTTTTTTCCAGGTGTTTTTTGCCTGGACACTCCCTTAAAACCCCAGTTTTTACCTCTGTTTCAACCGTGGGCTAGCTTGACTTTGACGCAACATTCTTGTATGCGTTAGGTTGGGCTAAGCTCATTTTTTGTAGCCATT	279	forward	slr0780	
5'UTR	ACGATTAACAATTGATTAAGGGGTCTAGACCCGTTCGTCATTGCCTTCCCTGTCTGGCGGGAATCCACCAATTCCCATAGTCTAAGATTTAGTTTCTGTACCCGTTTTTCTCTACCCTGATCCAGGAAGATTGCCGCC	138	reverse	sll0757	
5'UTR	AAGGTAAAACTCTGCCCCAGTGTGTGCAAATTCAGCAAAGTCAATTAAACTGCCGTCAAGCCCCAAAGTTTT	72	reverse	sll0760	
5'UTR	AGCCCTGTTGAGGAGGAATAA	21	forward	Norf7	
5'UTR	AGGTTTGTTACCAAAGGGCGTAACATGCACCAGTTCAC	38	forward	6803t28	
5'UTR	AGAAGTTCACAACAAGCAAGGATTTTTCCGCTTTCCT	37	reverse	sll0765	
5'UTR	CTGTGTTCGATTACCAGCCACATT	24	reverse	ssl1426	
5'UTR	TTGTCCCCGATCAATTCCTTTCCCATGCAAAGACTGCGTTGGCTACTGCTTTTAATTGTTGTCTTGGTCATTGGGGCCAGCTTT	84	forward	slr0774	
5'UTR	GTGGGCAAGCGCAACTTGCCATAGGCTAACTTCTTCAATTTCAGCTTTAC	50	reverse	sll0771	
5'UTR	GTGAATTATGCCCCCGGAGTCTGAACCCT	29	forward	slr0772	
5'UTR	ATAATATTTCTGTTGGTCTGTATTCAATCTCGTATTGTTAAAGCCCTATCGTTCCCTTTATTTTTGTCAATCCT	74	forward	slr0769	
5'UTR	ACAATCTTTCTAAAAACCAGTATTAACCTTTCTAAGTTTCAAATTTAGTTGCCCTCAGAAAGTTCACAGTCCAATAGGCGATCGCCGTTTAATCTTCAAGTTTCCATCACAAACACATATCCCAACAGACTCTCCACC	138	reverse	sll0327	
5'UTR	AAATTAACCTTGCCCGACT	19	reverse	sll0329	
5'UTR	GGTTGGCCCACCGCCGGATTGTGAAGTTTTGTTGTGAAGGGCGATCGCCGGGTGCGGCCCTGGATAGTGCCTTCTATTTTGTTGATGTTGATCTGATTTACCCCCATCTAGCC	113	forward	slr0384	
5'UTR	GGGTAACCTAATCATTAGTGAT	22	forward	slr0373	
5'UTR	TATACCCGATGGGTAACCTAATCATTAGTGAT	32	forward	slr0373	
5'UTR	AGCCTAGACCACCATCGATGGGGAACC	27	reverse	sll0335	
5'UTR	GTATTCTGGATTACCCCGGCGATCGCCACTGTCCCCGAACAAAT	44	reverse	sll0336	
5'UTR	GATCTTTGCACTCTGGACATTCCCGCCCCCGGCGATCGCCATGGGTAGGGGAAGCTTTTTT	61	forward	slr0368	
5'UTR	GTAGAATGGTTTCTGCGCCCGGATTTTTACCCAAATTAAGCTTTGCACGCCTTTGCATTTAACTAAGGAGAATTT	75	reverse	sml0001	
5'UTR	CTATCTGTGTCTTTTTCACCCTTGAAAAGGTGCGTTTATT	40	forward	slr0186	
5'UTR	AACCGCACTGAGTAATCATCCCTAGGTGTAGGGGAAG	37	reverse	sll0156	
5'UTR	ACTGACTGTCTCGAAATTTTTCGCCCATTGAACCTTACTAGCTAACGCCC	50	reverse	ssl0294	
5'UTR	TAGAGAACTGGCAGAGAATAACCAGAAACTAATTTGAGCCGTACTTATCAAACCCTAGGCATTGTT	66	forward	slr0181	
5'UTR	AGAAATATTAGAATAATTGAAGAG	24	forward	slr0180	
5'UTR	AAACTCGGTTAAGTCTGAGCTTTCCGGCGTTAGAACAGGTACACG	45	forward	slr0179	
5'UTR	GGACAAAGCTTTTAAGGCACCTACTAGATTTTTGGGAAGATTGTAGCA	48	reverse	sll0162	
5'UTR	TTTAACATGTCTTCCGACTCCCCAGAAACCGTCAGTGCTATTCCGTGCTATTTCCCCATAAGCTTTTAAACTGAACCTGTCCTGCCAAGGCTTTTTCCG	99	reverse	sll0169	
5'UTR	CTGAGTAGAATAATCTTGTAACGCCAAACCTAGCTAGGGTATTGATAAATTTG	53	reverse	ssl0312	
5'UTR	GTAACGCCAAACCTAGCTAGGGTATTGATAAATTTG	36	reverse	ssl0312	
5'UTR	CTGTTCGAGTCACCTTAGATTATCGAGCATTGTCGGTTGAAACCGATGACGGCTATGTGTGGTTTTGGATTGGTACACACGAAGACTACGATAAGCTATTGGGCTAAAGGTGTCCTCCCGAAAATAAGCCATCAGCGACGCAAAATTCTCCCCCCCGCTAACATCAAGAAAAATTGTCTAATTGGGCAATGGTTTTATCGGCAAATATCGACAAATATTGAACGT	225	reverse	sll0176	
5'UTR	GTATAACAAAAAAAAGTTAGGTCAAAGTTCCAAATTCAGCATAGGTTTT	49	forward	slr0172	
5'UTR	CTGGGGTTAGCGATCGCCAAAGATGTTGGCCGTCGGGGCCGTTGCCTATTTTGTCGCCCGTTAATTCTTTCACCGAAGTATTAAGTTCACTGTTCCC	97	forward	slr0171	
5'UTR	ATGAATTTTCGTGAAGTTAATTATAACAGTCAGTATTTTGCGGCTGGCTAGGTGTTTAGGAGTGGCAACAGCATC	75	forward	slr0338	
5'UTR	ACGTTTTTACGGCCACCGCTCCATTAACTTGCAACCCACGGGAGCAATTTTCTTCTACTAAATCTAGACCCCATAGATCCTAATTTTGCCTCCTCT	96	reverse	sll0294	
5'UTR	A	1	none	slr0335	
5'UTR	GATTCACTTTTTTATGATGAACCTTTAAATAAGCCTTGGCCGGGCGGCTTTTTCCCTCGTTTTAAGGCGATCGCAATTTTGTTAATGGGAGATAATGAAATCCA	104	forward	slr0335	
5'UTR	AGATTAGTTAAGCGTTTTCAGCCAGTTTTCCGAATTTTTTGGACCCCTTCACAACAAACCTAAACCT	67	forward	ssr0536	
5'UTR	ATAATTAACCATCAACCTATATCCA	25	forward	slr0333	
5'UTR	GTAAAGACTATCTGGGTAGT	20	forward	slr0331	
5'UTR	AATCCTGACAATATTATTTTTTTCGACTTTACGGAGAACCCTCGGTTAAGGAGCCGATAGTCA	63	reverse	ssl0563	
5'UTR	AATATTATTTTTTTCGACTTTACGGAGAACCCTCGGTTAAGGAGCCGATAGTCA	54	reverse	ssl0563	
5'UTR	AGTCTACCGACTGAGTAAATATACCTGAGGATAATCACCC	40	reverse	ssl0564	
5'UTR	TACCGACTGAGTAAATATACCTGAGGATAATCACCC	36	reverse	ssl0564	
5'UTR	ACTGAGTAAATATACCTGAGGATAATCACCC	31	reverse	ssl0564	
5'UTR	AGTTGGGGGCCA	12	forward	slr0326	
5'UTR	AATCTTCTAAGGTTTGTCCCATT	23	reverse	sll0300	
5'UTR	ACCGTGTGGAAGAGTAGCAAGAAGCA	26	forward	slr0322	
5'UTR	AATAGTTAAAAGACCTTTTTTTAATAAAAATCCCATGCCTGCC	43	reverse	sll0944	
5'UTR	GAAAGTATGGCAACCAGGCCCTGAACTCAATTAGTGGAATAACGACGGT	49	reverse	sll0945	
5'UTR	TCGTGCCAATGAAGCACAAC	20	reverse	6803t27	
5'UTR	GTGTTTGTTAGACGGTAATGACCA	24	forward	slr0989	
5'UTR	AGATCCATTGTTGATCAGTCAAGAAAATAGCAAACTGCC	39	forward	slr1949	
5'UTR	AGGATTATCCAGATCCATTGTTGATCAGTCAAGAAAATAGCAAACTGCC	49	forward	slr1949	
5'UTR	CTGTATGATCGCCGAGGGGCGCTGAATTGTT	31	forward	ssr3307	
5'UTR	ATCTTTTGCAGACTTTATAACTGTAGTGAGGCAATAACC	39	forward	slr1945	
5'UTR	AATTCTTCCCTTTGTAAACCTGGAGGCAATCAATCC	36	forward	ssr3304	
5'UTR	GGTTCCGAATACGAGTATGGGGCAGTGAAAGG	32	forward	slr1942	
5'UTR	AAGTTAATGGAAA	13	reverse	sll1845	
5'UTR	CTGTGACTC	9	forward	6803t26	
5'UTR	GATTGTTAAGTTTTTTTAACAGAAAAAGCAAAAGGAGGTTGCC	43	reverse	sll1852	
5'UTR	AATGAGAGCAGGGGTTTACGAAGGAGATCCAGAAACAGCTATTGATCCCACGCAATGCAGAACTGGTTATTAGCAAAACTAAGGAGATAAGACA	94	forward	slr1931	
5'UTR	CCACGATATGCTCCCCCCAGGCTTTTATCTCTCGTCAGGTTCAGCTATGTTTAAGGCTATTTTCCCAAGGTATTCCGTTGGCGATCGCCGTTTGCTAGAGTCAGTCCGCCACTCAGCTCAGCAGGGTTTCACC	133	forward	slr1928	
5'UTR	ATCAGCCACGATATGCTCCCCCCAGGCTTTTATCTCTCGTCAGGTTCAGCTATGTTTAAGGCTATTTTCCCAAGGTATTCCGTTGGCGATCGCCGTTTGCTAGAGTCAGTCCGCCACTCAGCTCAGCAGGGTTTCACC	138	forward	slr1928	
5'UTR	GGTCACCACAGCCTTTGAAGAGAGCGTCT	29	forward	slr1926	
5'UTR	AGAGAAGGATCCTGTGAGGGCA	22	reverse	ssl0241	
5'UTR	TCGCTCAAGTATAGATAATTCAATAGTTGGCACTAAGCACT	41	reverse	ssl0242	
5'UTR	AACCAATATCCACGGGCAAATAAGGCATTCCTCTGGTTTCGCCTTTTTATCCATCGACCCCAACCTGACAGC	72	forward	slr0164	
5'UTR	AAAATGATCGTAACCAATATCCACGGGCAAATAAGGCATTCCTCTGGTTTCGCCTTTTTATCCATCGACCCCAACCTGACAGC	83	forward	slr0164	
5'UTR	ATTCCCGTCCACAACAAGAAAGTCAAGTCAATCTATATTCGCCGAATCCTTGAAATTATCGAGAAAAAATAG	72	reverse	ssl0259	
5'UTR	AAGCCAGATACATTTTGCTTTTTTCCTACACATTTTTTGTGCTTTGGCAATCCGCCGGCCACGACTTTTAAGTCCATTTCCAACCC	86	reverse	sll0147	
5'UTR	ATGGCGATCGCCTTAGAGAGTTGAATTGACA	31	reverse	sll0148	
5'UTR	GTTTCAGGGTTGGTGGAGCTTCCCTTGACCAGCGGGGTCTGATT	44	reverse	sll0149	
5'UTR	ATTGCTCTGTCGCCAACAGGGTTAATGCCATTGTTGCCAGTACTAAGGAGGATTGT	56	forward	slr0148	
5'UTR	AGTTGGAACTTCAACAACAGCTTCGATTATTCTTTGTACTGAATACAAAGTGGATCGGTCATCGGCGGGACATCAGTCAAATTTTCTCCATTTAGGAAAACAGCCAGTGGTAAGTCAAAATCACTCGACACCGTGAACCCAGGACAGAGCTCTTGATTTTTCACAGCATTTGCCCGTTTTATCCTGAATCCTTTTTTAACCCATAG	206	forward	slr0144	
5'UTR	CTAAAGCAAAGGCCCTGTATGCTATCAAAGAATCAGGATACTGTTCTAATCTCCTAATTCATTAGGATGCACCAGTAAAACATAGCTGAAACA	93	forward	slr0143	
5'UTR	ACTGATTGACGCTACAATGACGTAGTTTTGCTAGGCAACTATGGACA	47	forward	slr0142	
5'UTR	ACAGGCTTGAATCTACCCTGGATTTGGTGAACCCTTGACCAGGGAGTCCTAGCCGGAATATCGAAAAACTTTTCCTCT	78	forward	slr0404	
5'UTR	GTGAACGGCACTATGTTTAACTGACAGGCTTGAATCTACCCTGGATTTGGTGAACCCTTGACCAGGGAGTCCTAGCCGGAATATCGAAAAACTTTTCCTCT	101	forward	slr0404	
5'UTR	GCTAGCCTTATAAATAAGACAACAACCAGATCATTGCACGAGGAGTACCAGGT	53	reverse	ssl0707	
5'UTR	AACAACCAGATCATTGCACGAGGAGTACCAGGT	33	reverse	ssl0707	
5'UTR	AGAT	4	reverse	6803t25	
5'UTR	AAAGTATTAAAATTTGTAAAGAAAATTAAA	30	forward	slr0399	
5'UTR	ATGTAGACTTTTGAAAAAAACAAGTCCCCGCAATCAAGCATCATTCAACGGAAAAAATAATCCT	64	reverse	sll0359	
5'UTR	ATAGCCACAGTGCCCGAAATTTTCATCTGCAAAATCTTCAACTAGAC	47	reverse	sll0362	
5'UTR	AGTGCCCGAAATTTTCATCTGCAAAATCTTCAACTAGAC	39	reverse	sll0362	
5'UTR	AAGCCCAACTTCCCATCACCCCTAATCAACC	31	forward	slr0292	
5'UTR	ACCGCTCAATCTTTCGGTAAACCATAGCAATTAAATTTT	39	reverse	ssl0483	
5'UTR	ATAGATTTGATTAAAACCC	19	forward	slr0291	
5'UTR	GTTTGTAAATTCTGAAATAGAGATTTAGTCC	31	forward	slr0288	
5'UTR	GCGAAATTTTTCCCAGTCTATTTTTATTTAGT	32	forward	ssr0482	
5'UTR	TTGTCGTCAGCCACTCCCCACTAAATTTATCCCCGGCCTACCGGATTTCTATCCCTAAAAATTGA	65	reverse	sll0260	
5'UTR	ATTGTTTTAGTCCACCATTGTAATTACCAACGGAGGGAAA	40	forward	slr0284	
5'UTR	CTAAAACAATGCCCCCATCTTAAACGTTGGCCGCAATGATTGGCAGATCAATTTCAGTACGATGCTGGGGCTAGGGCGATCGCCGAGTTGAGCAAAATGATTGAACGGTGACAGTTTTGCT	121	reverse	sll0261	
5'UTR	AATGAAATGGCCGGGCTAGCAAAGGGCAGTTTGGTGAGTTTTAACCAGTTCCAGCGGCCCTGGGATAAGGCTTACCGTCGGTGACATTTTTTTCCTTCAGATTCCCCTTTTTTTAGGACGTT	122	reverse	sll0261	
5'UTR	GTTTTTTATCTATTTAAATTTATAA	25	reverse	sll0262	
5'UTR	ATCCCTCGTAAATCT	15	reverse	sll0263	
5'UTR	ATCTTGAATTGATTGGTCTGACCACCGTGGTCTTTCTGCCTAAACCGAACTCCGCCAAAGTGTTTAATCAGCCCCAGCGCTTCGTGGCCGGTTGGTACTGGTTGCTGCGCTCAAAACAATTAAAACGAGGCCAAGTTAAGGCAGTATTTTT	151	reverse	sll0264	
5'UTR	ATGGCCCTAGGGGATTTGCTGAAAATGGTTAATTGGACTAGAAATTGGTTTGGTTTTTCGT	61	forward	slr0280	
5'UTR	ACCAATGCCGATGGGTTTACCCTGTGCCAGAGCCGGCACCAAAGGATTGGTTCCATTGTGGATTAATGGCAGAATGGCTCC	81	forward	slr0280	
5'UTR	AGGTAAGTGCTATGGGAGCTGA	22	reverse	sll0274	
5'UTR	TTATTTGTTTCCGGCGGATTTACCCTGGAAATCCACTGCCTTGTTGACCAAAATAAACTGCGGATAAAAACTTTTTAAGAGCACTGTTTCCGCCCAATAAACTCCTCCCCACCAGCCAACAAGCATATTTAGAATCCTTACGAGGTAATAATTTTTCGCGT	161	forward	slr0447	
5'UTR	GTATCTTGTTTTTTGCTTGGCAGCCCTAAGCCAATCGACTAATACCCATAGCTCAACTAACCAT	64	reverse	sll0420	
5'UTR	GTTATTTGGAGAACTGGCCCT	21	reverse	sll0421	
5'UTR	TCGTTGAGTCAA	12	forward	6803t24	
5'UTR	TCATTGGTTTGGCCTCTGGTCTGGCAATGGTTGCTAGGCGATCGCCTGTTGAAATTAACAAACTGTCGCCCTTCCACTGACCATGGTAACGATGTTTTTTACTTCCTTGACTAACCGAGGAAAATTTGGCGGGGGGCAGAAATGCCAATACAATTTAGCTTGGTCTTCCCTGCCCCTAATTTGTCCCCTCCATGGCCTTGCTTTCCCTCAACAATCATCAATCCCATCAACGCTTAACTGTTAATCCCCCTGCCCAAGGGGTCGCTTTGACTGGCCGCCTAAGG	284	forward	slr0444	
5'UTR	GGTTAATCAA	10	reverse	6803t23	
5'UTR	GTTAATCAA	9	reverse	6803t23	
5'UTR	GTTAAAATATGCCTATTTTGTCCATAATCCCTAGGGTTGCATCCGTGTAAGTCTGGAGCCGGACAAGGCCTGAAAAAGACAAAAAATTTGAGATTGACTTAAGCGAGGTTAAACC	115	reverse	sll0427	
5'UTR	ACAACTGACTTAAAGCAGTGTCTCCCACAGATTAGCGACCTTAAAATGAATTCACTTTCTTTTGAATGGGACGAAGAAAAGAATCGAACCAATCAGAAAAAACATGGTATTTCTTTTGAGGAAGCTGAGACTGTTTTCTACGATGACAATGCTATTCAGTTTTGGGATGATAATCATTCAGAAGTAGAAGATAGATTCCTAATGCTGGGTAGAAGTTCCAGAATGAGAATCCTG	234	forward	ssr0757	
5'UTR	ATTATCGATTGATTAAGATGTCAAAACTATGACCAAACCAACGATAGAACTATCAGAGAGTGTATTTAAAAAAATTCAGGTACTTTCTCCGGAAAACCAAAAACAAATTCTAGATTTTCTAGAATCTATAACAGCAAATTCCGATGAAACTCAAGAAAAAAAAGCAACTAGAATTTCAGGATTGTATCAAGGACAAGGCTGGATAAGTGATGATTTTAATGATCCTCTAACGGATGAGTTTTTTTCGGAAGTCTG	255	forward	ssr0755	
5'UTR	TGGTGAAATGAAGGGTGGTGGTAGAGAGTTGACCCAGCTTCAAACAAGAACCAAAGTTCAGTGTTCCTAATGTAATTCGTTTGTTTTTATTTTCTTTTATTGATTGCTTTCCTATCTCGCTCACTTTATTTTTACTCACAGTTGAAGATCAATT	154	forward	slr0442	
5'UTR	AAAATTTAGTAACAATCCAGGGAGGGAACCCTCA	34	forward	slr1645	
5'UTR	TTAACAAAATTTAGTAACAATCCAGGGAGGGAACCCTCA	39	forward	slr1645	
5'UTR	ATTAACAAAATTTAGTAACAATCCAGGGAGGGAACCCTCA	40	forward	slr1645	
5'UTR	AAGTCTTAGGGGGCCCTGGCCAACTGGTAGGATAGAAAAATTAACAAAATTTAGTAACAATCCAGGGAGGGAACCCTCA	79	forward	slr1645	
5'UTR	AGACTTAAATTTTTCAATCATTGCTTTAAGCTAGGGTAAATCTTGCCGGAGGAGGCATTGGG	62	forward	slr1644	
5'UTR	AAAAATTATCTTTGAGTCTTCCATGACTGAACTGGTGGAGTGATCTGTCAGGGTTATTAACTGAGATTTAAATTATTTAGACTTAAATTTTTCAATCATTGCTTTAAGCTAGGGTAAATCTTGCCGGAGGAGGCATTGGG	140	forward	slr1644	
5'UTR	ACTGCGATAAATTTCTGTCAGTATTATTTGATTGAGTAGGGAGCAATTAACCC	53	forward	slr1643	
5'UTR	AATCTTGACCCCTACGCAGAATCAGACGCC	30	reverse	sll1526	
5'UTR	AATGCCAGTGATTAAAAGGTCAGTCCGGAGTTAGGGAGTAATA	43	forward	slr1638	
5'UTR	GCCGAAAGCGAAACG	15	forward	6803t22	
5'UTR	AACAGCCCCCAGTCGGAGCCTTCAATTTGGGCACCGTTGTTTGGGGTCTGCCTCACCCGATTGTTGTTGTTGGAGTTAATAGTT	84	forward	slr1634	
5'UTR	ACGTCGTATCTGGCGTTGCTGGAAAAATACTGTCATCAAGCCCCTCGTCGGACTTAGTGGCGGTGGGAGTCCTCAGTTATTTAGCAAAGAATCGTAACAATTGTCGATTCAGGCTTTATGATTAGGACCATATGGTGTGATGTGTGATGGAGTACG	156	reverse	sll1535	
5'UTR	ATATGGTGTGATGTGTGATGGAGTACG	27	reverse	sll1535	
5'UTR	GTGTGATGGAGTACG	15	reverse	sll1535	
5'UTR	TCGTTGCGGCCATAGTCCCGACGATGATTTTCCGTGAACAACAGCA	46	reverse	sll1536	
5'UTR	TGGGGAACTTGTTGTTCTTAGTTCAATATCTGGTAGTCAGCTAGTACTTAATCAATTT	58	forward	slr1626	
5'UTR	AACCTAGATTGTCGGGTGTTGAATTACAGCATGGGGCTGCCCAAGGTGGAAAATCAGGAAACTGCAGGAAAATATTGGCTGGATAACTAACTTGGTATCAATTGACCATAACTGGAGGGAGGCTTAACACT	131	forward	slr1624	
5'UTR	GTTAACACAGCCGTCCCTGAGCCAAGGACGGGGTTTTAGACCCAGTTTTTTTTTG	55	forward	slr0959	
5'UTR	AAGACTGTCCATTGATTTTTGCCTTCCCTGCCC	33	forward	slr0958	
5'UTR	AAACAAATCCCATTACCTTGTCTCTATCCCTACCCAAAGTCCT	43	forward	slr0957	
5'UTR	TTGTTCAATTTTGAGTACAGGGTGTAAAGCCGAGGAGGGCGTTATTGCTGAGCCACTAAAC	61	forward	ssr1600	
5'UTR	GACTTTGAGCCTAGCAATCCAAGGAGACTTTTATCC	36	forward	slr0952	
5'UTR	ACCGAGAATTTCAGCAGAGTTGACGGTCGGGTAG	34	forward	slr0951	
5'UTR	AGCTAGCCACTCTGGGGAATTTTGCAGAGCCGATCATCTCTAGACCTATCGTTGCGAATTTTCCTTTTGTACTGAGATTTCCCCAAAGTAAACATGGTAAGGTTTGAGACCGAGAATTTCAGCAGAGTTGACGGTCGGGTAG	142	forward	slr0951	
5'UTR	ATTAAAGTTAACAGTCAGTACA	22	reverse	sll0909	
5'UTR	GTAGCCCAGGAAGTGAGCGTGCCTTGGTTTGGCACCAGTTACAAAATGGGGGTGGCATTGCTGTTGATGATCATCATTTTGTTCATTCGTCCCCAAGGTTTGTTTAAAGGCACTCAATA	119	forward	slr0950	
5'UTR	AGCTTACGGCGACATCGCCCTTGGTCTCACGTTAGGAAGGC	41	forward	slr0949	
5'UTR	AGACCAAGGCTTGTAATTTGCCAGTCTGCTCAATTTTTCCTGGTAAATTTCCCCGT	56	reverse	sll0912	
5'UTR	ACT	3	forward	slr0942	
5'UTR	AGTGCCGATTTAGCGGGCCAGTCAAAGTCAAATCAAAGGGTAAAGCCGAA	50	forward	slr0940	
5'UTR	AAAGACGGTAGAGATTGATTTTCTTACTGTTACTTGGGGGCAGTTTATTTTTCTTAGATATTC	63	forward	slr0938	
5'UTR	AAGTTGACAGTCCAGCTCGCCGGAGTTGGGTTAACCTGAAGGTAGTTGAGCTAAGGCCGACAAAATGGCTGTATTTAGCTGTTACCTCAAAGTCACGTCGGACCCCGTTCGTTGCTTCCTGACCACCACTGCGAGATATAAAAATATGACTACTGCTACCCTTGCATCTGCTTCTAACTCTGATTCCGCCATCTGGAACAGTCTCAAATTGGCGA	215	reverse	ssl1762	
5'UTR	TATTGGGTAAGGACCTGCCCTTGCCTAGACCCTGCTTACTGTGACGAAAAATTATCCCATACCATTGCCAATGTCCTGACC	81	reverse	sll0921	
5'UTR	GCTGACGCCATCGCAAACTAAGCAAGCATTAATACAAATCAGTAGAAAAGGAAACCC	57	reverse	sll1553	
5'UTR	ATCAGCCAATTGCTCCGCTAATTAACTAAATCCAACCTTCTAAATTTCCATCCACTGTTCAAGCACCATA	70	forward	slr1693	
5'UTR	ATGTAAAAAAAATATAAGCACAGTCAAATTGTCTCCAAACTTGGCATCTAAGCTTAGCGTTTGCTTAGAATAACTTAATTGCGTTTATTTAAAAATCAATAATTTCTCTTTTTTGGAACGAACAAATGTC	130	forward	slr1692	
5'UTR	GTTGAACT	8	forward	slr1689	
5'UTR	AAAGGTCAGAATTATCTACAACATCATTTTTTAAGCGCAACCC	43	reverse	sll1555	
5'UTR	ATTGCTCCACTCCCTCCAGTTGATGGCAAAATTGCTTGCCGGTATTTGTAATGTAATTCACTG	63	reverse	sll1556	
5'UTR	TGGACTGGTTGACCCCGATAGCTGCGGAGTAGGGCATCAAGCCACAGTTTTCCTTTAATAATCCCCCC	68	reverse	sll1557	
5'UTR	AGTAGTGAGAAGAATCTTGATAGACTGGCGGGTGAGTTATGCCAACTTGTGTGATTGAGTTTGAGGAAAATTGTTG	76	reverse	sll1558	
5'UTR	GAGTTATGCCAACTTGTGTGATTGAGTTTGAGGAAAATTGTTG	43	reverse	sll1558	
5'UTR	GATTAATCAAATGCACGCATAACTTGA	27	forward	slr1686	
5'UTR	CTAACTATCATGCCCAATAACTCCGGCATTGATAACAATTACCGACAAATTAACCCTAGAAAATTACCTGACTGCGTTTAGCGAAGGGGAGGATTGACCGCG	102	reverse	sll1559	
5'UTR	AAAAGGCTGAAAAGCGCGGAGGGAGA	26	forward	slr1682	
5'UTR	AAGCACAAACATCC	14	forward	ssr2803	
5'UTR	ATCCCATCGGAATCAATCCCAAATCGAGTTCCATTACTAGAAGAGGAGATCCACT	55	forward	slr1674	
5'UTR	ATTGCCACATTGCCAAGGAGTTTGATTTTTC	31	reverse	sll1087	
5'UTR	ATTGTTGATTGATTTGTTGAGTTAGACAAGTCTTTTTTTACTGTTTTTACTTCGCTAAATTCT	63	forward	slr1171	
5'UTR	GTCCCCCAATCCGCTAGGCTATCAAAAAGAGCAGGGTCTATGGGCCACT	49	forward	slr1170	
5'UTR	GTGCTCGCTCACTTTTTTTATTAAAAGAAATTTAGGAGAAAGGCTTTGGTATTACGGGTAGCAGTCGTTGGAGGAGGCCCCGCTGGTTCTTCCGCCGCCGAAATTTTAGTAAAAGCCG	118	reverse	sll1091	
5'UTR	ATTGTTAGCAGGTAAAGTAAAAAAAATC	28	forward	slr1161	
5'UTR	ACGGCTAATTTATCATAATTTTTCCAGCAGTTGTAGAGGTTACAGTCC	48	forward	slr1159	
5'UTR	TCTCAAGATTAACAGAATGGCCGGAGTTGACTGGAGTTATTTATCTCCGCCCCCCCACTTTCC	63	reverse	sll1095	
5'UTR	TTTGTCGATGATTTTCTTATCTATTAGGAGAACGATCCTAATTCCCACTATATTTAACAC	60	reverse	sll1096	
5'UTR	CA	2	reverse	sll1096	
5'UTR	AGATTAATTCCGGGGAAAATTGTTCCTGGGGAGTAGCTAATTTTAATCATCTGAGTCTGCAAGGTTACAAATTCCATTTCCTGGCGTGAGGAAGTTCTTACACC	104	reverse	sll1434	
5'UTR	AATTCCGGGGAAAATTGTTCCTGGGGAGTAGCTAATTTTAATCATCTGAGTCTGCAAGGTTACAAATTCCATTTCCTGGCGTGAGGAAGTTCTTACACC	99	reverse	sll1434	
5'UTR	GGGGAAAATTGTTCCTGGGGAGTAGCTAATTTTAATCATCTGAGTCTGCAAGGTTACAAATTCCATTTCCTGGCGTGAGGAAGTTCTTACACC	93	reverse	sll1434	
5'UTR	AAGCCAATCTGCCGGAAATTC	21	reverse	sll1435	
5'UTR	ATT	3	forward	slr1530	
5'UTR	GTTAACTGCCCGCTGTGAAGATCACCAGTTGGAGGACGCAGGCTTTATGGATGGGGTTTCCCTCGCGGATTTACGCTTGAACTATACCCAGGGGGGTTTAATCGAGGCTGAGGTGGCAGACCATCCCTTTGCCCAATTTCACATATGGCTCCAACAGGCGATCGCCGCTGAGTTGCCAGAACCCAATGCTATGACTTTAAGCACTCTGTCCGAGGAAGGCCATCCGGTGGGGCG	234	reverse	slr1530-as	
5'UTR	AACTGCCACACCGTTACCGAAGATC	25	reverse	sll1444	
5'UTR	AAATTGGCAGAATGCCCCCAGGCGATCGCCCACAAGTCCGGTAAGCTTGACCCAGGTGTAATCCCTTGGGGTGCAACACCGCTGGACCCCCCCTGACCACCATTAGCCGTGAGGAGACCATTGGCCCT	128	forward	slr1279	
5'UTR	CTGGATCAAGTGGTCGCCGCCGATGGCCATGTGCGCTATCTCAATGCTCTCTTCTTGCGTCCCGATTAACAATTTTTGAAACCTTTCT	88	reverse	sll1174	
5'UTR	AATTGGTGT	9	forward	slr1277	
5'UTR	GTATCGCCGTCTAAATTGGTGTTGATTGGCAGGCGATCGCCCACACCTCCGGTTACGCTGACGACATATTAAATTTTATTAACTTTTGCGGCTTATTTTCCAGTCCGTTGGTCATTTTGGTTGAGGAGTGTTCTGTA	137	forward	slr1272	
5'UTR	GAACAGCGTTTCCCCTTTTTGCGATTACGGCTGAGTTGTCTGGTCACATTCCCA	54	forward	slr1270	
5'UTR	GCAATGCGGTAAGTTATTTAGCGAACAGCGTTTCCCCTTTTTGCGATTACGGCTGAGTTGTCTGGTCACATTCCCA	76	forward	slr1270	
5'UTR	AATTCTTAGGGCAATGCGGTAAGTTATTTAGCGAACAGCGTTTCCCCTTTTTGCGATTACGGCTGAGTTGTCTGGTCACATTCCCA	86	forward	slr1270	
5'UTR	AAAATCGCTAGCTCC	15	forward	slr1267	
5'UTR	GTTGGGAACTAGACCGATCGCCAATCCGTTTATCTTTCATAGAAGCCGGGATTTATCAGCT	61	forward	slr1266	
5'UTR	GTCTGAAATTTTTTGTTCCTTGCCCAGC	28	forward	slr1265	
5'UTR	ATACCATTACCATTAGCCTAAATAATTTCCTCGCCCAATCAACTCTTTGTCCATCATCTTTGGCGATCGCCCCCAGAATT	80	reverse	sll1181	
5'UTR	AAATAATTTCCTCGCCCAATCAACTCTTTGTCCATCATCTTTGGCGATCGCCCCCAGAATT	61	reverse	sll1181	
5'UTR	ATGGAAGTCCGTCTAACCTTTGCAATGTAGTCTTTTGGAGAGTCGGTTTT	50	reverse	Norf6	
5'UTR	AATGTCTAGTTTTCCTGACCACATCCTAGGTACCT	35	reverse	sll1377	
5'UTR	CTGTCAGTCT	10	reverse	6803t21	
5'UTR	TTTCTTGTGACCAAATT	17	forward	6803t20	
5'UTR	AAACCAGCCCATA	13	reverse	sll1382	
5'UTR	AGAAAGGGATAGAAATGCCCCCCTCCCGTAATTTTT	36	reverse	sll1384	
5'UTR	AGTTATTTAGCCAAGCTGGGATTATTGACC	30	forward	slr1470	
5'UTR	ACTGTGTCTTTTTTTGTGGAGTAACGGGTC	30	forward	smr0011	
5'UTR	GATAATAAATAACCCTTTGGAGAAAACCC	29	forward	smr0010	
5'UTR	CGTCAGGTAAACGACTG	17	reverse	6803t19	
5'UTR	ATCAAGGTGAGTTTGACGCACTCGTGTTTTGCTAGGCCACAGATATGGGGCAGGAGTTTCCACC	64	reverse	sll1388	
5'UTR	ATACATAACCGGCTCCCAAGCAAAGAAATCTCTGAGCTTGAGGCCAAATCCTTTGAACATTGACAAATACATAAGGAATTATAACCAA	88	reverse	sll1867	
5'UTR	ATTCAAAATGATTTTTCAATCTGTTCTCGT	30	forward	slr1984	
5'UTR	ATTGCTTGGGACTTTCGTGACAAGCTAGTTCCAGTGTGGGACGGCCCTTACCTGGGTAGGATCAGTTTTTTGCTTTACCTTTACCGCTGTTGTTGGCTTGCTA	103	reverse	sll1869	
5'UTR	AACTGTTCAGT	11	forward	slr1982	
5'UTR	AATTACCTTATTACCTTGGGACCCGCCTAGAGCACCAAAGGACGTCATACCAATTGGAGAAAAATATCAATGGTTAGTTTAGGGTCAAACTG	92	reverse	sll1872	
5'UTR	ACAATTAGTTTGTACACAATTCACCATAAAATCCCGCCCAATTAGGAGAACCACATTAAA	60	reverse	sll1873	
5'UTR	ACTTGCTTTAAACAGTTTAGATCTGAATCAGGTCTGAGTTTTAAACGGGATCAGTCCTCCCACTATTGTTGCTGCTTTTTTGCCCCTGGTTCCT	94	reverse	sll1878	
5'UTR	GTTGTGGCCCCACCATTGCC	20	reverse	sll1879	
5'UTR	GTTGTCTGAAAACTGAGCCATTGCGCACCGCCATCCATCACATAGTTAATAGTTTAATTGT	61	forward	slr1975	
5'UTR	AAAGAAGGCATTTTTTCTTCCCCGCCCAGTGTTGCCTGCCATGATTTGTTTCCCCCGTCCCATTTTTCCTTTCTTAACGGCGATCGCCACCGTTGGTTTCTGCACTTTCGGCCCTGGCCTAGGGGGAGTTTTACCCAGTCAGGCGGCCCTTACCCCTCCTTTCATTGCCCAGGAACAAAATTCTGCCGCCGCCATAGAACAAAAGTTGCTAGAGGGGTTCGATGAACTGGAAAGTGGTTCTCCCCTCAAGGCGATCGCCATTTTTACCCAGGTAATCGACACCGATGACCAGAATGCCGATGCCTATAATTTGCGGGGGGTAGCCTAT	328	reverse	sll1882	
5'UTR	CTGAGTTTGAGAATGTGGCAGGCTTTTCCT	30	reverse	sll1883	
5'UTR	ATTCCGAACTTAAATTAAAGTTAATGCGTATTTGAAAGAATAGGGATATTATGTCTTCTAATTGGTGTGAGTTTTGA	77	reverse	sll1885	
5'UTR	AATTGGTGTGAGTTTTGA	18	reverse	sll1885	
5'UTR	AGACCTCGTTTCTAACGCC	19	reverse	ssl3549	
5'UTR	CCGCTGACTCCATTACCTAACCACTTTTTGAC	32	reverse	sll1888	
5'UTR	GAATTGCAGGAAAACTG	17	forward	ssr3341	
5'UTR	ATTGAGGGGAATTGCAGGAAAACTG	25	forward	ssr3341	
5'UTR	AGAAATCCATGGGGCTTGGTCGTTGAATGCCGCCGCCCAGTCTATGTTCAATTCGGC	57	forward	slr1969	
5'UTR	AGATAAATCCATGGACTGACAAGGGCTAGATAAATAATTTCCTTAAAAAAATCTTAGATCTTTAAAAATACTTAGATTTTGAAGGGTTAGGCAAAAACCTAGGCATGATGGAAATAGAAATCCATGGGGCTTGGTCGTTGAATGCCGCCGCCCAGTCTATGTTCAATTCGGC	172	forward	slr1969	
5'UTR	ATAATTCCTCAAATTCCCAAATTTGCC	27	reverse	sll1891	
5'UTR	AAAGTTGATTCACGTATAAAACCT	24	forward	slr1963	
5'UTR	GTAAAT	6	reverse	ssl3573	
5'UTR	TG	2	reverse	ssl3573	
5'UTR	AATTGCTTCCCATCACAGCT	20	forward	slr1959	
5'UTR	ATGGCCCAGGTTTGGTTTTTCTCAAAGCTCCACTGACTTATTTGCCAATTCCTCCTTCCTTTCCTCCC	68	reverse	ssl3580	
5'UTR	ATTACCTGCGATATCAAACACTCTGATTGGAGTAACTAAGCAACATTT	48	forward	slr1958	
5'UTR	AAAGCCGGGTTGCTAGTCCCATGGTTGCTTTTTTATTGAGTACAAGGTAAGCATAAATACCTAAAC	66	forward	slr1957	
5'UTR	AATTGATTAGGTATGGGCTCAACTTTAGCTAAAGCTAGCACACCCTTGCCAGGAAGTCCCCGAAAGCCAGACCGTTGGCATAGATAAATCCT	92	forward	slr1956	
5'UTR	AGTTGAGCCCATACCTAATCAATTCCTAGATTTTTTAACATAAATCTTCCCTTAGCGAGAAGCC	64	reverse	sll1242	
5'UTR	ATACCTAATCAATTCCTAGATTTTTTAACATAAATCTTCCCTTAGCGAGAAGCC	54	reverse	sll1242	
5'UTR	ACGGCCCTCCGCAACCAG	18	forward	slr1353	
5'UTR	TTTGTGAATTGCTCCACAAGCTAAACAAACTTCATATTGGAAAAATTACGGTT	53	reverse	sll1244	
5'UTR	GTTAGATTAAGTTTCTGAGTGGTGGTTCTGGCCACCTTGACCAATCGTTCTTAACCC	57	reverse	sll1245	
5'UTR	AGGAATGTTAAGTCATTTGCAATTTTTATCTGTGATCTAGATCACCTCCCATGGGTGCTTGCATCACTTACATTGGAGGAGAAATAGATACAGAAAAATCGGAAGCCAGTAATGACCAGTAAAAACATCCTGGTTTTATTCCGATGGGACCAGGGTGTATCTTACCATCCACAGCGGTGCCTGATTAAAGGCCCAGG	197	reverse	sll1247	
5'UTR	AGTTTGTTTACCTGAGTATTAATTCCTAGGCACGGCAAACCTTGGCCGCTTTATAGCCCATGAATCCATAAACAAAATCTGTCCGACCTTCCATTTGGAGATAAACCTTTATAA	114	forward	slr1350	
5'UTR	GCAAGGCCGTCCTCAAGGGCGGGGTTTCAGACCCATTTTTTCG	43	forward	slr1349	
5'UTR	CTGGAATTCCATCAACGGCGATCGT	25	forward	slr1347	
5'UTR	ATGTGAATTAAACATGGCGGTAAGTCTCTTCAGTTGGCCGCCAGCCCGACGTTTTTTCCCACTGGTGTACGGTTGCCATTTTCCCTGGTCGTGTTCCC	98	reverse	sll1251	
5'UTR	GTTAGCTAATGCCGTTGCTCG	21	reverse	sll1252	
5'UTR	AAGTTGGTTTCGGAATTTT	19	reverse	sll1254	
5'UTR	AAGCTCATTTTACAAGCAGGTTCAGC	26	forward	slr1338	
5'UTR	CTGGGCGCTTTCCCACAAACCAATTA	26	reverse	6803t18	
5'UTR	GTTGTCAAAAATTCGCACATCCAAGCTTTCGGGTGTTTCTGCCACAGGCGGAAATTCCCTTGGATGAAGGATAAACCCGAATAGGAGAAAATTTAAC	97	reverse	sll1260	
5'UTR	AACTTAGTCTGTCCTAGGCTTCCATAACTTATAATTATCGCCATCATTGCT	51	reverse	sll1262	
5'UTR	ATCATTGCT	9	reverse	sll1262	
5'UTR	AAGCTTGTTTATGAGTTGAAATACTTAGAGACCCTTCCC	39	reverse	sll0807	
5'UTR	AGAATAACTCAAAAATCTATAAATAACGAAATCAGTC	37	reverse	sll0808	
5'UTR	ATGGCTGATTTCCCTGGGTAATGGAAAGGGTAGGCTTAGATTGAACGCAACGGCGATCGTTCATTGCGCCCCCCAGGGACAACGG	85	forward	slr0820	
5'UTR	GCTAGGACAACAC	13	forward	6803t17	
5'UTR	GAACAGAAAAAGTAAACTGCAGCTCTGACCAGACCTCTATTTTTTTAGACAGTCGTGCATCT	62	reverse	sll0812	
5'UTR	GTAGTTTTAGCGGTAGAGACTGA	23	reverse	sll0814	
5'UTR	TTTGAACAAAGCGGGGAAACA	21	forward	slr0809	
5'UTR	ATTCTCTGCTAGTTTGAGTTTGATCCAAAAGACGACGGTTTATTAGCCCAGTCTTTCCTATTATCGGCTAACGATCCCCGGATCACGGTAACAGGTTGCGAATCTT	106	reverse	sll0819	
5'UTR	GATCCAAAAGACGACGGTTTATTAGCCCAGTCTTTCCTATTATCGGCTAACGATCCCCGGATCACGGTAACAGGTTGCGAATCTTGCTTATTTATTTAGCCGCCTTTTTAGTCTTTTGTTTAACCAAGGAAACGATTCTT	140	reverse	sll0819	
5'UTR	TTTGCTGCATCAAAAATGGTGCGTCACAAAAAGCCCAAACCTAGAGATGGGACGGGCGATCGCCGTTAGTTAAACACTGTGTTGAAGCTGACGAAATTTGCTCCCCC	107	forward	slr0804	
5'UTR	GGGCCACAAGTCCCTCAATTCAGCACTTGCCGATTATTTTTCAGTCAACAGTATTGCTCAAGGAGGAAAAAGGACA	76	forward	ssr1375	
5'UTR	CT	2	reverse	sll1219	
5'UTR	AGGTTAGGAAATAGTTAGGGGGAATAGCAGTGGTTTTCTAGGATGACCATTGCCTGTTATCCCCCTTCTTCCTGGCCGGCGATCGCCAGTTGTTTGTATAGAAACGCTATCAAAGGGAAATTCCTAAAA	129	forward	slr1330	
5'UTR	CTGGGGTCTAGGTTAGGAAATAGTTAGGGGGAATAGCAGTGGTTTTCTAGGATGACCATTGCCTGTTATCCCCCTTCTTCCTGGCCGGCGATCGCCAGTTGTTTGTATAGAAACGCTATCAAAGGGAAATTCCTAAAA	138	forward	slr1330	
5'UTR	AAACAAATTCCTAGACAATCAGC	23	forward	slr1329	
5'UTR	TTACTGTTGAGTTTTGGTC	19	reverse	sll1228	
5'UTR	ACAGGATTACTGTTGAGTTTTGGTCAAATTTGCCATCTTTAAGGGTATCACTTTGGGGCTGTCCCCAACTGGTGAGATGGGTCAAATCCTAGGAGGATAGGCGATCGCCGGGGGGAGGTTTTGGAG	126	reverse	sll1228	
5'UTR	ATTCAAGCAAAGTTCTTAGGAATTACCCCGT	31	reverse	sll1234	
5'UTR	AACCTTGATTCGCCCAACCCCCGTCAAATTCATCGGAGCA	40	reverse	sll1236	
5'UTR	AGAAATATTTCACTCATTCCTGAGAAAAATTACT	34	forward	slr1322	
5'UTR	GAAGAAAATAAATCTGGTCTTATTGTTACGGCAGGCTTTTTGAGCAGAATTCAGGGTTTAGCCAATGAA	69	forward	ssr3588	
5'UTR	AATTACAACGTTTTTATCAAAGCGAGGAACAAAATT	36	reverse	sll1994a	
5'UTR	ATTGACGGCGGGGCGATCGCACGCCTCAGCACCGAGTAACTTGTTTCCGAGCTCAATTCC	60	forward	slr2125	
5'UTR	AATACCCGAGAGGCAGTTCTCAAGGTGAATCAGTTGGCCATTGATAATTTGGTGCGGGACTTACAACGAGCAACATCGGGAGACTAACC	89	forward	slr2124	
5'UTR	TTAAACCTCTACGCTGTCCAGCCTGGAGAGTATGAACTCATTTGTTTACCAATTAAGCTCCAAGGCTTAGAAGGCGCTCCTGCTAGGGTAATTTTAAAGACAGTCTCTAACTAATTTGTCAGACTCA	127	forward	slr2122	
5'UTR	AATGCTTT	8	forward	slr2108	
5'UTR	GTCGGTTCTCGATTAGGATTCCTATGTCGGACGTGATGATTCGGGTGGAAAATTTAGGCAAAAAGTACATGATTGGTCACTAGGCAGAAGGAAGG	95	forward	slr2107	
5'UTR	GTCGGTTCTAAATTAGAATTCCT	23	forward	ssr3570	
5'UTR	GCGCTAAAAAA	11	forward	6803t16	
5'UTR	GGACAGTCCCTCAACAGAAAAACAAACAGCG	31	reverse	sll2001	
5'UTR	GATAGTCTGAAATGCAGAGGTGGTATATGGTTGCCCTACGTGAAGCAAAAGAAACAGTACAATTCATTGACAAATACTGCGAAGGATACAGAGACTTATTTTATTTCCAGAA	112	forward	slr1522	
5'UTR	ATTATGAGCAATGGTTTGTCCCCTACCCCCATCAACGCCCCAGGCTGGTTAAACAGTGGGGTTGCTAGTCTT	72	forward	slr1519	
5'UTR	AACCTGGCTGACATTTTTCGGTCAATGGCTACAACACATATGCGTCCTGAGTGGGGAGTTTGTT	64	forward	ssr2554	
5'UTR	ATGGAATCCCCTATTGAGTAGAGAATTTAAATTTAA	36	forward	slr1516	
5'UTR	GTCTTAGGGAACAGACC	17	forward	ssr2549	
5'UTR	AACTATCCCCCCCTTTGTAATCGGCCCT	28	reverse	sll1414	
5'UTR	TTCTAGGAGATAAACAAA	18	forward	slr1513	
5'UTR	ATTCAATGGGTTTTGATCA	19	forward	slr1510	
5'UTR	AGAAATTTTGAGAATGCCAAAGTTTACAATGCCCTGATTGGCACGGTTTCGTTCACGGTCTGGTTATCTGC	71	forward	slr1508	
5'UTR	AATAATCAGAAATTTAGGTGGTGTGAAAAAATC	33	forward	slr1507	
5'UTR	GAGCCAACCTAGGCTGGACCTTTTGTCACCGTTGCTCTGTCCACGGGATGGAGGATAATCTAAACGAAATCATTAGGGACCCTGACC	87	reverse	ssl2781	
5'UTR	ACAGAATGGGGTTTTGCACTTCCCTTGATGCCCCCATTACCGTGAACGTGC	51	reverse	sll1423	
5'UTR	ATCACGAAAAAGAAAATTACCGTCCATAACCCCGTTGCTCTCAGTCAACAGTTTACCTAACCACCCTCT	69	reverse	sll1424	
5'UTR	AGTGCGTCATTTACCTAGGCTCATT	25	reverse	sll1425	
5'UTR	GTCTTGAATATCTTGAATCACTTTTTCCAGAGGGTAAGTTGTG	43	reverse	sll1426	
5'UTR	ACTGACTATTAACAATTCTCC	21	reverse	sll1427	
5'UTR	ATACGTTTAGAGGAAATGGTAA	22	reverse	sll1429	
5'UTR	AGCCCTGCCATGCTGATTATTGTCCCCTGCCGCC	34	reverse	sll1973	
5'UTR	AGTCTGGTCTATATCAGCCGGGACATTAGCAATCATCTGTCTCCCCCAGA	50	forward	slr2104	
5'UTR	AATGGTCATTTGAAAACAGTGGGATTTCCATCCCAGGGCGATCGCCTAGAATTTTGGCCGGCTTCGTATTTTTCGCAAACGT	82	forward	slr2102	
5'UTR	ATCTATGGGCAACCT	15	forward	slr2098	
5'UTR	ACGGAGAGTTTCAAATAGATAATGATGTAGGATGATAGAGAATATTGGGTAATGAGCTTTTGGAAAA	67	forward	slr2095	
5'UTR	ATTAACACTTAATCACAAGCTAGGGAAACCTAATCAGCAGTTGGGAGGATTCAATTC	57	forward	slr2094	
5'UTR	AATTCCTAACTTCGTACAAATATCCCTAGACC	32	reverse	sll1980	
5'UTR	AATGCCACATCAATGCCTTTGGGGTAAAGCCAATGCCCGCCGCCAT	46	forward	ssr3550	
5'UTR	AGGATAGAATGGAGGAAAAAGGCTGAAATGCAGAGGTGGTAT	42	reverse	sll1982	
5'UTR	AAAAAGGCTGAAATGCAGAGGTGGTAT	27	reverse	sll1982	
5'UTR	GGTTGCACCA	10	forward	6803t15	
5'UTR	ACTTAGCCTACGCTTCCTAAAGCGATTTGTCCA	33	forward	slr2088	
5'UTR	GCTATCTTTAACGCTGTCACCTCTTTC	27	forward	slr2087	
5'UTR	AGGGCCCCGGCAAGTTGTGGTTAAGTCAATATTGATGTGATTAATGGGCACCCAACCCGCCAGGAAATTAAGAAACAGAGTTTTCCCCCACCCACACAACCATCGTAAGGAAAAACCC	118	reverse	sll1987	
5'UTR	ATCACAAAATTCAGGCAACATTTCAGCAATCC	32	reverse	sll1988	
5'UTR	AGCACTGCCCTTTCCCGCTCAGAGCGC	27	forward	slr2082	
5'UTR	AATTAAAACAATAATAATTTGCCAAACAAATGCTCGTGAGGTTTTAA	47	forward	ssr3532	
5'UTR	GTACGACTTTGGGATCTGAGTTTACGCCAATCCCCATCGTTATTCACCCTTTGTGATTCGTTGCGTCCTCC	71	reverse	sll0236	
5'UTR	AATTGATTGTTTACAATTGAAAGGTAGTCGCCTTGGAGGGCAACAGCT	48	reverse	ssl0452	
5'UTR	GAGGCAACAGCTTGGGTTAATAGTCGACA	29	reverse	sll0244	
5'UTR	TGTTTTGCCCCCCTAATCATCCTCAAAATAGTTAGACATT	40	reverse	sll0245	
5'UTR	ACATT	5	reverse	sll0245	
5'UTR	TGCCCCTATAATAATTCGGGAGTAAGTGCTAAAGATTCTCAACTGCTCCATCAGTGGTTTGAGCTTAGTCCTAGGGAAAGATTGGCGATCGCCGTTGTGGTTAAGCCAGAATAGGTCTCGGGTGGACAGAGAACGCTTTATTCTTTGCCTCCATGGCGGCATCCCACCTAGGTTTCTCGGCACTTATTGCCATAATTTATTATTTGTCGTCTCAATTAAGGAGGCAATTCT	231	reverse	sll0247	
5'UTR	GAGTAAGTGCTAAAGATTCTCAACTGCTCCATCAGTGGTTTGAGCTTAGTCCTAGGGAAAGATTGGCGATCGCCGTTGTGGTTAAGCCAGAATAGGTCTCGGGTGGACAGAGAACGCTTTATTCTTTGCCTCCATGGCGGCATCCCACCTAGGTTTCTCGGCACTTATTGCCATAATTTATTATTTGTCGTCTCAATTAAGGAGGCAATTCT	212	reverse	sll0247	
5'UTR	ATGACGAAGCTTAAATTTAATCGCCC	26	reverse	sll0250	
5'UTR	AGTTTTGTTGTTTTGCTTCCAATGGGCTGGAGCGGGGTGTGGTTTGAAAAATTTTTCTGGTGGC	64	reverse	sll0252	
5'UTR	AGTTACTAATCAATTTTCTTATTCCAGTTTTCTCACCCCCAGCAAAACT	49	reverse	ssl0467	
5'UTR	AGAAATTCTTAACAGTTACC	20	forward	slr0260	
5'UTR	TGAACTATTTACTGCCCCCCTAGCTCTTATTTTTACCGTCTGCCTTTTGC	50	reverse	sll0254	
5'UTR	GTGGTTGTGGGGAATGAATAGCGCCTGAAATT	32	reverse	sll1586	
5'UTR	AAGACCCCTGCAACTTTTCCCCTTGAAAGCCATTTCTGTTCAATCATTGGCCGACCAAACA	61	reverse	sll1590	
5'UTR	GATTTCAGTCAGAAAGGAGCCTACACC	27	forward	slr1727	
5'UTR	ATATACTGACGGTCGAGTCTTAAATTTGCCTA	32	forward	slr1724	
5'UTR	AAACAGTTTGGGAATAGTAAGTAAGC	26	forward	slr1722	
5'UTR	GTTGTTCATTCCCCAAACAATCCGCCAAATCCT	33	forward	slr1718	
5'UTR	ATAAGGACGATCGCCAAAGGCT	22	forward	slr1717	
5'UTR	GAATTTGATCAACAATCGACAAATAAGGACGATCGCCAAAGGCT	44	forward	slr1717	
5'UTR	AGATTTACCGGGGAAAATGTCATGGGTAGTAATAGGGAAAAAGAACGTCTCATTTGGC	58	reverse	ssl3142	
5'UTR	AGCCAAATAAAACAGGGGATCA	22	reverse	sll1609	
5'UTR	GCTTTGTTTAACTTTTAGGGATTATTCCTG	30	reverse	sll1611	
5'UTR	GCTGATCAGAGAACTGAACCCCTAAGAGTTGACA	34	forward	slr2001	
5'UTR	GTTTTCTGTGACAAGGTAGTA	21	reverse	sll1906	
5'UTR	ACTTAAAATTGCCCTGGTTACTGTTCCCCCAGAGCAAAATCTTTTTTTTTAAACCCCCTTTAGCCAACTTTACTCAGCCCCCGTA	85	forward	slr1990	
5'UTR	GATTAATTTAAAGTAACAAAACTTAAAATTGCCCTGGTTACTGTTCCCCCAGAGCAAAATCTTTTTTTTTAAACCCCCTTTAGCCAACTTTACTCAGCCCCCGTA	105	forward	slr1990	
5'UTR	AGCTCACCAAGGGTCCAAGTCAATGGGGGGAGGAATTAATCTTCCCTACCGTTGGCGCACATAAGGGAGAAATCG	75	reverse	sll1909	
5'UTR	AA	2	reverse	sll1950	
5'UTR	GAGTAGCGATTCTAGACGATCCCCATGGGCTTGCCTCGTTGGGTGGACTAGAACAAGTCCTACTGTTCGCCAAGTAGACAATGTCGAAAAAGTGCGAGGATTCATCGTGTTAACAGCGGTATGCTTCTAGTCTTGACAGCAAGGCGATTCTTGCTATGATTACCCTAAGCAACTCCGAGACACACATAGATGAACCCTGTTTTGTATATTTTTTACCGTAAAAACTGAGGAGTTTTAAGAAGTCCT	246	reverse	sll1951	
5'UTR	AAGCAACTCCGAGACACACATAGATGAACCCTGTTTTGTATATTTTTTACCGTAAAAACTGAGGAGTTTTAAGAAGTCCT	80	reverse	sll1951	
5'UTR	GTTGATTCCTCAGCAACA	18	reverse	Norf5	
5'UTR	GGGAGAAGCTTTAAACAAAGGGATTTATTGCCCCTTTGATCGTAATTGCGCA	52	reverse	sll1958	
5'UTR	ATGGTTCGTTCTGGGGGGTGATGACGG	27	reverse	sll1960	
5'UTR	GTCTGAAATAACGAACTGTTATCGAGACTGCCTA	34	forward	6803t14	
5'UTR	AGGGTATTACCCAACTTTTTATTTTTCTCAGTCAAGTTCCTTTTGTATTTTTTATCCC	58	forward	slr1256	
5'UTR	ATACTTTCTTTCACCATGACCG	22	reverse	sll1147	
5'UTR	GGCTAACGGTCAAATTTCTCCCCAGCGTGCAGTTACCAAACCCCAATCCTGGTGGCTGACTTCCGAACCCCGTCCGTCCTTA	82	forward	slr1255	
5'UTR	AAGGGAAAAATAATTTCCCCCCT	23	reverse	sll1150	
5'UTR	AAGCACAATGGAGACGATTAATCCCATCCCCCCCT	35	reverse	sll1151	
5'UTR	CCCAATGAAATTTGTATG	18	forward	slr1251	
5'UTR	GCAAACTGTAAAGAAACCTTAAGCAGTTGCCCTTTGCCTCATTTCCTCCCCAGCAGATTATTCC	64	reverse	sll1154	
5'UTR	AGACTCAGGCGATCGTTCCTAAATTTTTCCTGCCCGGTTCCATGCTGAAAAAATTTTTCTACC	63	reverse	sll1155	
5'UTR	AAGTAAGAGAAGAAAAAAAGGAAAACTAAGAGTAAGAGCAGAAGGAGACAAAGAGT	56	forward	ssr2078	
5'UTR	GTAGGAAGACACTCTTATGGTAATGGTAACAGAATAAAAGGCGATAAA	48	reverse	sll1165	
5'UTR	AGAGCGATTTTTCCACTAACGAGGCTTCC	29	forward	slr0869	
5'UTR	ACACCACCAAGGTGTTGGGCCCTACCCTATTTAACCTAATGATTAGGTTTTGCTTTGGGTAAGCTGGGAGACTGTAACGTTCCCCCACGACGGCTCAAAACATTGATCG	109	reverse	sll0837	
5'UTR	AGGGCCTATTTGTTAAAGCAACCCCTGTCAATTTGGAGCGCAGAGTAAACCAGCA	55	reverse	sll0844	
5'UTR	GTTCTTTCCCCCCGCACCCC	20	reverse	sll0846	
5'UTR	GG	2	reverse	sll0847	
5'UTR	AAATGGCATAACCCAAATTACAAAAGCCTCCTTTAGAAATTCTTGCCTTTGATGCTAGCTACGCAAGAGGATTTGCATTT	80	reverse	sll0849	
5'UTR	GTTGCCCCAAGAAGCTTTTTCGCT	24	reverse	sll0853	
5'UTR	ATAAGGCTATGGGCCCGAGCCTGGGAAAATA	31	forward	slr0852	
5'UTR	AATAAGGCTATGGGCCCGAGCCTGGGAAAATA	32	forward	slr0852	
5'UTR	AATTTGATTACAAAATGTAACAAGCCCTCACCACTGGCAGAGATT	45	forward	slr1743	
5'UTR	GTCTTAATCTTGACCAATTACCGGAATTTTCTC	33	reverse	sll1620	
5'UTR	ACTATAGCCAAACAGTGCGGATCATTATCATTGGTGTGCTGGCCAGGACCCATGGTTCCTGAGGTTTGCCCAGAGGGACTTACCCATCAAAAATCAGCGAATGTTGCCGCACCGATGTTAGGAGGAACAGT	131	forward	slr1738	
5'UTR	AGAGTCCTAAATACATTCCTATAGGAGATATTAC	34	reverse	sll1626	
5'UTR	AACCTTAGTCGGCC	14	forward	slr1735	
5'UTR	ACGGTCACTGTTGACGGATTACGGGGGCGACACTTACTGACAATTATTCTAGGCCATGGTTTACCCATCCCCGGGGATTATCAACACTGGCGGGGTTTGGCCCCGGATTTTTGGCGATCGCCGGTTGTAATTTAGAATCTGCCACTACC	149	forward	slr1734	
5'UTR	AGTAAGTGTCGCCCCCGTAATCCGTCAACAGTGACCGTCACCCCATTTTAGG	52	reverse	sll1628	
5'UTR	AGATGGGTGTTATTGCTTAGGTTAGCGCC	29	reverse	sll1630	
5'UTR	ATACTAAGCCTCAGTCCGTTTTAAATTAATAAATTCTTCTTGTTT	45	forward	slr1732	
5'UTR	AATTACACGTTCGGCGGGATTTCGTCCCCAGTTTTTTCCTATTTGAGAAATTT	53	forward	slr1821	
5'UTR	GATTAATGAAATTTAGGACTTTGCCCC	27	reverse	sll1688	
5'UTR	AGGCTTATTAATGATGATGGCTTAGGTAATAAAAGGAGTGACCCG	45	reverse	sll1693	
5'UTR	AGAAGGGTTCCGACCAGTTATTTAAATTTCCCCTACAGAAGGAAGAAGACAATC	54	reverse	sll1694	
5'UTR	GACGATTAATCATTTGGGAAAACAGC	26	forward	slr1813	
5'UTR	TAAGACAA	8	forward	slr1811	
5'UTR	GAAAGACATTAGCGCCGAGGACAACTAGGCC	31	forward	slr1809	
5'UTR	ATTAGAGAAACTTGTTTAACAAAAAACGTCGTAATTTCTGCGACCACCACCTTATTAGAGAATCCTTTAGGAGAACCC	78	forward	slr1808	
5'UTR	GTAATTCTCTCCCTACCT	18	reverse	sll1702	
5'UTR	AGTAATCTACAGTGCTTAGCAATTCTTTGTACTTCATCGGTGATTACTATCACGGTAAGGGTGC	64	forward	slr1804	
5'UTR	GTTTACTTTACCCGTCCTAAACC	23	reverse	ssl3291	
5'UTR	ACG	3	forward	slr2144	
5'UTR	AAACACG	7	forward	slr2144	
5'UTR	AAGTCCAACAGTTACCATGCCCCA	24	reverse	sll2003	
5'UTR	TTAAGAGTGTTCGGAAAATTTATATTCTTTTAACAAAACGAGGTACAGCA	50	reverse	sml0007	
5'UTR	GTGTTCGGAAAATTTATATTCTTTTAACAAAACGAGGTACAGCA	44	reverse	sml0007	
5'UTR	GTTCGGAAAATTTATATTCTTTTAACAAAACGAGGTACAGCA	42	reverse	sml0007	
5'UTR	CTACAGTTTTTGATTAAAAACTAAACCTTCCC	32	forward	slr2136	
5'UTR	ATAGACCCCA	10	reverse	sll2008	
5'UTR	ACATCGATGCCAGGGGCGTTCCCTTTTTGCCCCCAACTTTCAATAGTTTTTAACAGTAAAGTCAAACCAT	70	reverse	sll2010	
5'UTR	ATCTCCCTAGTTTCAGTCCCTGCTACTACTACC	33	reverse	sll2015	
5'UTR	AGTCTATTTTTAACAATATTTTTTAAGTTTC	31	forward	slr1887	
5'UTR	AGTAACCCTTAACCTGTCCATCGTTTTTTGGAGTTGACCGAATCCTAAT	49	forward	slr1886	
5'UTR	TGGGATGCGCCTCCACGGCCGAATATTTCCTGTGCAAACTTCCCTTAGCACGACGACCGCAAACGGACTCAGCAGTGGTCTGTAAACTATATTTATGAGGAACAAACA	108	forward	ssr3189	
5'UTR	AATTTAGATAATTTGACAGACGTTGGCTTAATTCGCCTAATCTAATCTAGACCATCTAACTTTGATCTTGGATCTTGTTTGCACTTTCGATAGGAGGCACCCCCAAAGCT	110	reverse	sll1757	
5'UTR	AAGAATTGTGTGAGGAAAATTTTCAG	26	reverse	sll1758	
5'UTR	GACGCAAACTTTTTGGTTAATTAATGCC	28	reverse	sll1762	
5'UTR	CCATCCATCTGTTCTTTCCCCATCACCTCATTAATCTGGGAGCAATATCC	50	reverse	sll1764	
5'UTR	CCTTGCTTTTACTCAAACTTTGGTGTCAGCTAGTCATGGTTTTAGCGAATAACAGTGTCTTCCATGGCAACTGAACTAGCCCAGACGATGATGGTTGCTGCGCCTGCCTGAGTTTAAGCCCTAAAGTCCATAAGGAGTCAT	141	reverse	sll1767	
5'UTR	ATAGTCTTCAAGCAACCGGATTACTGTC	28	reverse	ssl3379	
5'UTR	ATAAACCGATCTAAGCTTAATTTTTCAGGGGATTGCC	37	forward	slr1874	
5'UTR	ATAGGCTATGCGAGATAAACCGATCTAAGCTTAATTTTTCAGGGGATTGCC	51	forward	slr1874	
5'UTR	ATCA	4	forward	slr1871	
5'UTR	TTAATCGTCCCTTTTTGGAGAAGT	24	forward	slr1870	
5'UTR	ACAGTTAACTAACCAATCCACAGCCCCTGCCGCCA	35	reverse	sll1775	
5'UTR	AATTGGCAAGATTGCGGCGATCAGCTGGCTTGATTTCCCCTGGGTACTTAATCAAGGTATAGCTGATATGACCTGGACAACTTATTAATATATCTGAAC	99	reverse	sll1783	
5'UTR	GATATTCCCGGAGAC	15	reverse	sll1308	
5'UTR	AACAGAAACAACTATCAATCTTACCCC	27	forward	smr0009	
5'UTR	ACATTACAAAAACTCATTTAGTCATTTTTACGGGAAGTCT	40	reverse	ssl2598	
5'UTR	AGGACTTGTTACATTTTTTATTGCAAATCCCCGGGGTAGCGGTAACTTAGCCGGCCTGCCTCTCTGTAACGATGTTGCCGGGGTTTCTCCGGTGAATGTTAGTAAAAATCCTTAAATTTAGACGGTTCATT	131	reverse	sll1316	
5'UTR	AAATTGGCGGTGGGACTAACTCTCCTACGCTGGTCTTACAAGGGAGCAGTGCGCCATTGACCAATTTCTAGTGAAATTTA	80	forward	slr0889	
5'UTR	ATCTGCAATTATTTCTTGGGTAATTTTTGCCCCATTATTCCAGTTTGATTGAATGTTGTTGAATTTTAGTTGAATTTTAAATATAACTCTGTAAACCAGAGTGAGGTGATCT	112	forward	slr0888	
5'UTR	GGTTTGCATTGTGAAATTACGGCGTAATGGCTGATTGGCTGCTGATTACGTCCCTATAGGAGAACAGTTT	70	forward	slr0886	
5'UTR	AATCAAGCAATGACATTTCCCGATCGCAGTTCCGCAAATTTCCCCAACCCT	51	reverse	sll0867	
5'UTR	AGGGTTTGTCCCTCACTTGGGCTAGTGGCCCAGGCATTGTGAGTTTTTTGAATTAGTGGAATTTTTACC	69	reverse	Norf4	
5'UTR	GAACAGAAGTGACTAACCTTCGGAGAACAAGGCA	34	forward	slr0881	
5'UTR	ATAGACAACCCTCCCAGCTCGTAATTACATTCTTAACC	38	reverse	ssl1633	
5'UTR	GGTAAATCTGGCTCTTTCCCT	21	forward	slr0877	
5'UTR	GTGAGATTAAGGATCGGTAGACGCACTTGTTATGAGTGTTAGTGCATTGTTTATGGTTACGCTTAGCAGGCTTCTCTCCGAAACCCACTCTCTTTCTTTTCTCTGGTTTTGGAGCTAATTT	121	forward	ssr1480	
5'UTR	GAACTGTGCCAAAACAGTCTGAAGCAAAAGAGATTATCAGATTTTAGTCAAACACC	56	forward	slr0876	
5'UTR	GACTAATTAACAATATTTTAGTACAAAAGAGGAGTTAAGCCC	42	forward	slr0875	
5'UTR	AATTAGTCAGTGGTATCATAGCAGTTTTCAGCGCTACCATTAAACAGGTTGAGCTAAAGCTTAGCCTCTAATTACCGAGACCATATTTGTCG	92	reverse	sll0877	
5'UTR	GGGCAGTATGCCTAATCTGCCTGTTTGGGGCCATGCAAAGGACATAGTTTTCTATGGTTAGTCCAGGTTTGACGCCTCTGCCAAAGTCCCTCCACCTGCTGGTTGCTTTTAA	112	reverse	sll1268	
5'UTR	AAGAAAAGGTTAACAAAGAGTAACTTTTTAGTACGAAGTTGACACTTTTCCTTATTTTTGGTCTTTTTTACCTTTACC	78	forward	slr1369	
5'UTR	AGTTAGCATCGCTGTTGTGAGCCTGGATTGCCGGAGTAACTAATGGTGGTTATAGAAGGCGATCGGGCTTCTGTACTTTGAGCTAGCGTCGGCTAGCCTGG	101	forward	slr1367	
5'UTR	AACTACCGCCAACGATGAGGA	21	reverse	sll1270	
5'UTR	ATCTATTTTCTCAAAATCTACCTATGCTGAGAGAAAATCTAAAAGAAAAATTAGACGAACTGAATGATGAG	71	reverse	ssl2507	
5'UTR	CATTATTTAACTACCCTGGGCCAGCCTCCCGAACGGGATCAAAAATTATTGGCATCCCTTGGCCTCGAAGGGGGAGAGGCCCCTATCCCCG	91	forward	slr1365	
5'UTR	TTAATTTGATCCAGACCCCTAACCCCATATTGCC	34	forward	slr1364	
5'UTR	TTTCCCTAACACCGCTTAAAAGCAGACGGCCTTAACTATTATATTTAACTGCCCCTAATTTCAGCCCATT	70	reverse	sll1275	
5'UTR	CTGTATCCTGGCTTGTACGGTAAGTAACAGGAGGCACGCATATTCACTAAACGGAGACTAAGGGATTAGGACTTAAAACTTAC	83	forward	slr1356	
5'UTR	AGTGAAGTTAGGCCGAATTTTAAAA	25	reverse	sll1280	
5'UTR	ACCGAAGAAAACAA	14	reverse	6803t12	
5'UTR	TATGTGCTTCCCTCAGGGCACATATTTTGGTAGCTTACTTAGG	43	reverse	sll1281	
5'UTR	CTGACCAACTATTTGGCCCATCCTCCTCACC	31	reverse	sll1349	
5'UTR	AATTGCCCTTGTCCTGAATAGTTTTGGCC	29	reverse	sll1350	
5'UTR	AAAGTAATCAGGGCTAATTGGCGACGGTGGGTCAACTTTATCGGTAAATTTCAACAGCAGACCTAATTTTTTTGTCTTAAGTCAATCAACCAGAACTGGCATT	103	forward	slr1450	
5'UTR	AGTTTTGGCAAATTTTGCCCCGTTTTTAGCCGTACTTGAGTCACC	45	reverse	sll1352	
5'UTR	CCCTTTCAATTCTCTAACC	19	reverse	sll1354	
5'UTR	ACTTTTTTGCCAGGAAAACCC	21	forward	slr1442	
5'UTR	AGGAGCAAGTGGCACAATG	19	reverse	ssl2648	
5'UTR	ATTTGGAGTACCTATTCCCTTGGGCT	26	reverse	sll1355	
5'UTR	AAGGCACAGCATTA	14	reverse	sll1356	
5'UTR	AAAGACAACTTTCGTCACCTTTTATCACTGGATTGTGATTATTCCAGTATCACC	54	reverse	sll1358	
5'UTR	AACTACCAAGGGGGAATAATGGC	23	reverse	sll1359	
5'UTR	GTATTCCTATGCACAATTCTGCCCCAAGCCACT	33	reverse	sll1362	
5'UTR	ATCTAGAAAGTTCGAGCTGATATTTTTCAAAAAGAGCTGATATTTTTCAAAAATTTTAACAACTGCCTAATTTCCCCACGCACCCCC	87	forward	ssr2062	
5'UTR	GTACAAATCTTTACATTAAGCGTTGCC	27	forward	ssr2061	
5'UTR	ATCCGACCAAAGACTATTTTCTCCTCAGTATCTATTTTGCACTGGTTCATCATTGCCTAAGATAATGTTGAAAATTTAAAACTCTTTTGGTTGTAAAGGGTCCACATTTCACACTGCTACATA	123	reverse	ssl2245	
5'UTR	ATTATCTGCCCTTTACTGACTTCGCC	26	reverse	sll1131	
5'UTR	AATTTGCAATAGCTTTCTATAAAATCTTCTCTCAAAATTTACGGAAAAGTCCTT	54	reverse	ssl2250	
5'UTR	GTCCCCTATGGTTTGGGGTTGATCCCCACCGTTTGCC	37	forward	slr1236	
5'UTR	GTCAGTTTAGGTTTAAACC	19	forward	slr1234	
5'UTR	GTCAAATCATGCCCAAGGGCGAAATTTCAGACCCATTTTTGTAATGAGTGATCCTATTAGTTGGACTGCCGAAGCAACGGAGCGTTTAAAGGAAATTCCTTTTTTCGTTCGTCCTGCCGCCCGTAAAAAAATCGAAAATTTTGCCAGGGAAGCAGGAATCACAGAGATAACGGAAACGGTCTACGAGCAAGCTAAACAAAAGTTCAATTAGCTTAGCCCCGTTGGTAAGTTAATCTGAATAGCGTCAGTTTAGGTTTAAACC	262	forward	slr1234	
5'UTR	AATTCCCGAAATAGTCAGTGAATCATAACC	30	forward	ssr2047	
5'UTR	AGCTAGAGCCTAGAAAGAGTGGGCCCATTGCTAATGCCCGCTTATTTTTTCCCATCGC	58	forward	slr1228	
5'UTR	ATGTTTGCAGCTAGAGCCTAGAAAGAGTGGGCCCATTGCTAATGCCCGCTTATTTTTTCCCATCGC	66	forward	slr1228	
5'UTR	CTGCATTGTGCTGTCAATGTTCCCCAGAGGATCTACCCA	39	reverse	sll1142	
5'UTR	GTTGATTGAACCTTAAGCCTACTGTTACTGTGCCC	35	reverse	sll1143	
5'UTR	ATGAAGTAAAGTAAACTGACTGGCAACAACTTTGCGCTGGCCATTCCCGACTCCGTTCCCAATGCTTTCTGTAACGTAATTAATCAAACCTCAATCCTCCCAACCTCAGTTTTAACTCCCCTCTGACCACGGCGATCGCCAAACCACA	148	forward	slr1220	
5'UTR	ATAGACCGCTGGGATTTGTGCTTGGGCGAGGGGATCTCTGTCGTCGTAAAAAGGCTTCAATACCCTGCTGCTTCGGAAGCGTTGCTCTCCCTGTGGTTGCTTTTGCGCCCTAAGAATTTGCTCATTTTGCTCCCCTAATACTTCCCCCCTGCA	153	reverse	sll1633	
5'UTR	AACCTGAGGATAAACCATCGGATTTTTTGGGAAACGCCCCT	41	reverse	sll1456	
5'UTR	AGTTCTGAGAACCATTGGCACAGGCCTCTATTAAAATCCTGAATTATGAACGTTTAGGAAAAATACAGGCGCTCTGACCCTTTCTCAGCTTATTTTTACCGAATTTTTGGCTAAATTAACG	121	reverse	sll1457	
5'UTR	GTTGTCCGTTCCATTGTTCCGGAGGCTATTTTTCT	35	forward	ssr2611	
5'UTR	AAGACCCCATTGTTGAGATAGGCCCGTAGAACGTCC	36	forward	slr1549	
5'UTR	ACGTT	5	reverse	ssl2823	
5'UTR	AAC	3	forward	6803t10	
5'UTR	AACTAGCCTATGTGAGGAGTCAGCC	25	forward	slr1545	
5'UTR	AAGTGCGTCCCATTTC	16	reverse	sll1468	
5'UTR	GTTGCCATTTGGAGGGAGACAGTAGACC	28	forward	slr1540	
5'UTR	AGTGAAACAGCCAGTCTGCGGGGATTTCAGGGGTTTTTAATGCCAAATTTCTGTGTCTATCCGGGCTGTGGAGCCTCCCGATGACCCTGTTATGGGGAGAAAATGCCTAAAAAATGAGTCTATTCCAACAAACTCACTCTCAAGGAGATTTTTTCAG	157	reverse	sll1712	
5'UTR	ATTAATCACAGCAGTCAATGGCCGCAATACCCTTATGGTGACTCAAAAATCTTTCCTACTGCTAAGCTCTTAGAGCGTGTTTGAAAAGTAGGGTGAAGAATGGAAAATGGTGAAAAGAATAAAATTTTCACCATAATTA	139	reverse	sll1716	
5'UTR	GCGTGTTTGAAAAGTAGGGTGAAGAATGGAAAATGGTGAAAAGAATAAAATTTTCACCATAATTA	65	reverse	sll1716	
5'UTR	AAGTGGCCACACAATACGAGCATTCCCC	28	forward	slr1843	
5'UTR	AGATTTCCCTTCTTGGTGGGCCCTTACCT	29	forward	slr1842	
5'UTR	ACTGAGTATAGGACTTGGTTCCCGTAGTCATTATTAGGTGTGAGGAAAAGCTAAAA	56	forward	slr1841	
5'UTR	AACCATCAACATCATCGTTCCGTGAGCAGAAGCTGTAGGCGGTTTTTCTTTACCAACACTGATTGTGGTCCTGGCTCCCTGAGCTAGCCCGCAAAACAGACCAATGGCCTTGCTTAGCCTAGCATCTACCATGAATCTAAAGAAAATTGTCAACTTCTCCCACTCTTTCGAAAAAAACGTGTACAATGTGTTACTGAGTATAGGACTTGGTTCCCGTAGTCATTATTAGGTGTGAGGAAAAGCTAAAA	248	forward	slr1841	
5'UTR	ACATCCCC	8	forward	slr1837	
5'UTR	ATAGGAAACCCTTAATAGTTCATTGTCGAGCGAGGAGAACCCTGC	45	forward	slr1834	
5'UTR	ATGTTTGCTGAAAACGCCTATCTGTGCAAGGTTTAACATCGTTATTATGAAGCGAAAACTAATTCCCTTTTTTACGCTTCCTCTATTACACTATTCTGCATAGGAAACCCTTAATAGTTCATTGTCGAGCGAGGAGAACCCTGC	144	forward	slr1834	
5'UTR	GTGATGTTTGCTGAAAACGCCTATCTGTGCAAGGTTTAACATCGTTATTATGAAGCGAAAACTAATTCCCTTTTTTACGCTTCCTCTATTACACTATTCTGCATAGGAAACCCTTAATAGTTCATTGTCGAGCGAGGAGAACCCTGC	147	forward	slr1834	
5'UTR	AGTGATCCCAGCGGTAATGCTGTTGGTAGGAGCCATCT	38	reverse	sll1736	
5'UTR	AGCGGCCAGTAGTAAGGTGGATTTTGACC	29	forward	slr1829	
5'UTR	ATTAATGGGATTTTTGGCCAATGAACACTCTAGCAAGTTTTGGATAGGCTGTTAACCAACCTGAGGAGTATCAACCTGGCCACCATTGTCGCCACGGTAGCGGGTCAGAAAAATAATTTTTCCTTGGCGATCGCCTGGGGGAAGACCGAATCTGGGCCATGAC	163	reverse	sll1737	
5'UTR	ATAATCTGCGTAACTCTTTTTAAATCAACAAGGAATTTTCT	41	reverse	sll1737	
5'UTR	GTTGGCAGTCAGCACAATCGTTGAAAATAGTTTAAGTGCTTTTGTCTTTTTCCTCCGACACCACTGGCTGCATTAGCCTTGGTCAGCAAGAATTCTTTCCCTAACACTCGCTAACTATC	119	reverse	sll1739	
5'UTR	ATTGTCAGTTTTTACT	16	reverse	sll1740	
5'UTR	AGAGTGCAGACTCCAGGGCTAACCTCAGCCCAGACTAT	38	reverse	6803t09	
5'UTR	ACATAAGCA	9	reverse	sll1743	
5'UTR	CTGGTCAGTCAGCATTGGTTATTTT	25	reverse	sll1747	
5'UTR	CGTGAGGTGGGAGTGCTAAACCCTCTCCCAAATTACTACTGACCTTGCAAGACTATCATCTGGAGGATGACTTCT	75	forward	slr2075	
5'UTR	GTCAGTAGTAATTTGGGAGAGGGTTTAGCACTCCCACCTCACGAGTGCTAATTTAGCTAAATTGCTTGACCCAGTGCAACACCCCGGTGAGTGTGGTTTCCCGAACTCAGGGCAAAAATCGGGAGCCGACTAGATCCTTCACTGCAAAGTTGCCCGGAGGCGATCGCCGCTTCTGTGCAGGACTACTCCTTTATTGACCGAACACTTTGTAATGCATATTATGTATGT	228	reverse	sll1965	
5'UTR	AAGTCCTTGGTCTTTTTCAACGTTTGGCTTAACGTTATCCGCC	43	forward	slr2074	
5'UTR	AATTAAGGCCCCATAGAGTATTGGTAAATAATTTTCG	37	reverse	sll1967	
5'UTR	ATCAGTACTGTTAGATTGCTACTAGTCCGGTGTGAGGTGGAGCGC	45	reverse	sll1968	
5'UTR	AGTCCGGTGTGAGGTGGAGCGC	22	reverse	sll1968	
5'UTR	AGGAACTTTTTCAATCTGTGTCAGGGAGGCGAGT	34	forward	slr2070	
5'UTR	GATTGAGTGATTCCAAATTTGTCTGGGGCCTGTTGCT	37	forward	slr1215	
5'UTR	GGTAGCAACAGCAACCCCAGCAATTGACCGGAGGCGTT	38	forward	slr1208	
5'UTR	ATGTTGGATCAGGGCCCGTTGGCAAAAATTCAAGTTGCCCCTCACCCTCCCCAAGGAAGCTCTGGCCAACCTGGGGGGTTTGTAGGTGTAAACCGGTTCCCAATCCTTTTTAACTTTGATTTTTTAGATTTAACTAAAATT	141	forward	slr1205	
5'UTR	AGAGTTTGATTTAAATATCTGATGACCGCATAGTTGCCCAGGGAAAAATC	50	forward	slr1194	
5'UTR	ATATTGAGCCGCTGGGCCTTGCCACTGTCAGGATTGGGAGGGCCTGGATTACCCCGTCCCCAACCTCC	68	reverse	sll1120	
5'UTR	AAGGGCATCAGTGGCCGTGGCGATCGGCCCAAAGCCTCACTCCACAACGGTCTTGGTAAATTTTTGTCTAGATTTTTGGTTCGCTTGACA	90	reverse	sll1123	
5'UTR	AACCAGCCAGTTGGGCCAAGGTAGTCGCTTTGAAGTGGAACTACCCCTCTGGTACAGTTAGGTGACCATTGTCGTGGCGTCCCCAAACTGTTAGAATAACAATTCTGATCTTTATGAACCCGCCCTTTTTACAGTTACGTACCCTAGAGAGCAACC	156	reverse	ssl2233	
5'UTR	ACCATTGTCGTGGCGTCCCCAAACTGTTAGAATAACAATTCTGATCTTTATGAACCCGCCCTTTTTACAGTTACGTACCCTAGAGAGCAACC	92	reverse	ssl2233	
5'UTR	TCTGATCTTTATGAACCCGCCCTTTTTACAGTTACGTACCCTAGAGAGCAACC	53	reverse	ssl2233	
5'UTR	AGAACGGGGAAATATTACTAATGCTGATACCTTAGGAGCGTGGATTACCCAGGAGTTATGCCGGGGGTCCATTACGGTGG	80	forward	slr1899	
5'UTR	GTGGCCAAGATTTTTTCACCCCCTTGAACAATGGATTAAGCAATCATTTTGGACGATAATCTTTTACCTTTGCTCTCAGGTTCTGCCCAGTTAAAACTTTTGCAATTGGTCAGCCCGACCCTGCCGGTGGGAGCCTACAACTATTCCGAAGGCTTAGAATGGTTGATAGAACGGGGAAATATTACTAATGCTGATACCTTAGGAGCGTGGATTACCCAGGAGTTATGCCGGGGGTCC	237	forward	slr1899	
5'UTR	AGTTTTGCTCCCCGGAGCTAAAACCCATCTCGACCATTCACCTAGCGATCGCC	53	forward	slr1898	
5'UTR	AGGTTTGTGAAGTGGCCATGGCAATGCAATTCCTGAACCACTGTTTTTTATTCTTTCCCCAGCTTTTACG	70	forward	slr1897	
5'UTR	GAGAACTA	8	reverse	sll1796	
5'UTR	TTTGTCCTCAGACTTGCCAATTTTGCGTCAGACC	34	forward	slr1896	
5'UTR	ATTCATTGTTTTGCTTCATCCCTCGCACTTTTACTCAGGTATAAATAA	48	reverse	sll1814	
5'UTR	CTTGCAGTGTTGCCAAAGAAAATCAGGCATGAAAGTTAGAGCTTCCGTTAAGAAAATGTGTGATAAGTGCCGCGTTATTCGTCGGCGCGGTCGTGTGATGGTTATCTGTTCCGCTAACCCCAAGCATAAACAGCGTCAAGGTTAGCAGTTCTCCTAGTGATTACCATTCCGGTCTGTCTTAAACCCTACTCCATAAATTTATTGAACTTATTTAGAGGAAAATCAAC	227	reverse	sll1816	
5'UTR	GCTGAACAATTGAGCGCATTGCTAACCAGGCGGCCCTGCGACAGCCCCAAGCTGTCCCCCGTTTTGCTGGCGATCGGCCGTTGACCCAGCACGAAAACTCTTCTTTTATAGTTAAAGGTATTGTA	125	reverse	ssl2084	
5'UTR	AATTTGGCCTGCCTTGGCCCCTACCATTACCGCCCCCCGGTGGATATTGACCCAATTATTGCTAGTTTATTTTTCCAAACATT	83	reverse	sll1070	
5'UTR	AAACAACTGTGAAGAAACTTAAAGAAAAACTCT	33	reverse	sll1071	
5'UTR	GGCTTTTGTAACTATCATTACAGCATATAGCTGAAATAGGAGGTAACTGGGTTGGCACGTAAACGCAAACGGAAGAGTCGTCGTCGTCAAGAAGGTCGTAAGATT	105	reverse	slr1146	
5'UTR	CATATAGCTGAAATAGGAGGTAACTGGGTTGGCACGTAAACGCAAACGGAAGAGTCGTCGTCGTCAAGAAGGTCGTAAGATT	82	reverse	slr1146	
5'UTR	ATATAGCTGAAATAGGAGGTAACTGGGTTGGCACGTAAACGCAAACGGAAGAGTCGTCGTCGTCAAGAAGGTCGTAAGATT	81	reverse	slr1146	
5'UTR	AGACAACCTTGGGCCCAAGTCAGAATGGTATACTAACAAGCCTGTAATCAACTGGGCTTAGGAGATCTTGGTCGTC	76	reverse	sll1074	
5'UTR	CTGTAATCAACTGGGCTTAGGAGATCTTGGTCGTC	35	reverse	sll1074	
5'UTR	GCACATGGGAAAAGGTCACAGGTCTCGCACCATTGGTGTGATTACTAATTGATCTAACTATTCAGGAACGCAACTCAATCAACAATTGCCCAGCCA	96	forward	slr1142	
5'UTR	CTGACATCAATTAGCTTTTTTTCCCTATCCAGGGATTGAGCATAGCTTTGCGATATCCTGAGTATGCACATGGGAAAAGGTCACAGGTCTCGCACCATTGGTGTGATTACTAATTGATCTAACTATTCAGGAACGCAACTCAATCAACAATTGCCCAGCCA	161	forward	slr1142	
5'UTR	GATTGTAATTTTTGTTGTTTTCCGAGAGATAGAGGTTTGCT	41	forward	slr1136	
5'UTR	ACTGCCCAACGCCAAA	16	reverse	sll1084	
5'UTR	TTTTGACGGCAAAACAATTTTTAAATAGTCTGTGATTTCCCAGAAACATT	50	reverse	sll1913	
5'UTR	AAGGGCAATGCTAGTTGGACGGTGTTTGCTGGCTCCAGCGGTGGCAAAGCCTAATGATCCTAACAATACAATTTTCGCTGATTATTTCGGGTTCTATCCCCCAGTTTCCTAACC	114	reverse	sll1915	
5'UTR	AAACCCCTTC	10	reverse	sll1916	
5'UTR	GAAACCTTTGTGTTGAGAAGTTGAGAGT	28	forward	slr2025	
5'UTR	CTGTTGACCGTTAGACTTGGGGTGAAACCTTTGTGTTGAGAAGTTGAGAGT	51	forward	slr2025	
5'UTR	AGCAAGCAAGAATTTTGACGGGTTGGCAGCATCCAACAAGTCTGCCACAGCTGTTTTTCACCCCATTTTCTCGAAGGAGAGTCTATC	87	forward	slr2024	
5'UTR	AGCTAAAGACGGACGATGTCAGCAGTGGAACTCTTTGGCAGTGACCAAATTTTTAATTTTTTAATTTACTGAGATAAGTAC	81	forward	slr2023	
5'UTR	AAGCTTTTCTTTGTACTGAGTATTACCGATTAACC	35	reverse	sll1920	
5'UTR	GACCCAGAAAAACCAATAAAAGACTTCCCCACGGTCTTTGCTGACTTCCCAAAAACCCCAATCGACC	67	forward	slr2015	
5'UTR	AACAAATGATTGTTAGCCAGCTCACCAAAACCTGTGACAATAAACACCAAAACAGTTTACTTGTTTCTATAATTTTCCCTGAAACTGGGGTTTGAGAGGGTCTAGGGGAGAATTTAGTTATTGTTTGGATATATTGTC	138	reverse	sll1924	
5'UTR	ATTAATCAAACTGAGGGAGGTGGGTA	26	forward	slr2008	
5'UTR	AATCTAAAACTTAAATTACATAACTAAAGGTAAATGATTGCCAAACTATTATTCGGGCCTGATTGGTCTGGGTTTGTGCTGGTCTAAACGAATAAATAAGGAGGAGCGGGCC	112	forward	slr2006	
5'UTR	AGTCCATGCGGCGATCGCCAAAGGTTTGTCCTAGAGTTCTTGAATCTTAAAAATTTCTCCATTCTCCATTTCC	73	forward	slr2005	
5'UTR	AATTGCCGCTTTGACCATTGGTCAATGTTATTAGCCCTGGCAGGGGTTGACGTTTCCCCATACACAACAGAGGATTTTTCA	81	reverse	sll1926	
5'UTR	ATGGAGGTAAGGGGAAATTGACGCTACCGTGGTTTTTGCGGCTCTGTTTGCTAGAGTTTGAGTGGCGAATCTTAGGACACATTTTGTCTGTTTTGATGATGTCCCTGCAAAAGAACTGTCACCACCTGCCGTTAGCGACTTTCCCCGTCTCCAAACATCT	160	reverse	sll1927	
5'UTR	AGTATTTTGCAACCCGTATGTGTGTGTGAGGCTCTGAACA	40	forward	slr1708	
5'UTR	GTCAATCACTGGATAGCC	18	forward	slr1706	
5'UTR	ACATTTTATTGGATTCTAAGTTTTTATAGGACTACGTGGGGA	42	forward	slr1705	
5'UTR	GTGGGATTGCAAAAGCATTCAAGCCTAGGCGCTGAGCTGTTTGAGCATCCCGGTGGCCCTTGTCGCTGCCTCCGTGTTTCTCCCTGGATTTATTTAGGTAATATCTCTCATAAATCCCCGGGTAGTTAACGAAAGTTAATGGAGATCAGTAACAATAACTCTAGGGTCATTACTTTGGACTCCCTCAGTTTATCCGGGGGAATTGTGTTTAAGAAAATCCCAACTCATAAAGTCAAGTAGGAGATTAATTCA	252	reverse	sll1577	
5'UTR	AACACCAGTGGTTTAACTCAAGCTACCGATACCCTCAGGGAATTATTTAGTCCAATTGGAGCACTCTTAGGAGGAGGGGCTTTGTCTATCATCGACCGCCTTAATTAATTCAGAGTGAACTCATAACCCATATGACTATGCTAAGTTTTTACAGTTCTCTTACTGAACATTGTTG	175	reverse	sll1582	
5'UTR	AGAGTCCAGTCCAGTGGCGATTGGCGTTGATGTTTTTGATCGAGGAGACGGTGG	54	reverse	sll1583	
5'UTR	GGTTATCCACTGGGCAAGTTTTTTGTAGAGGAAATAAACTTCG	43	forward	slr1699	
5'UTR	ATTGACCGGTAGATTGTGCT	20	reverse	sll1283	
5'UTR	GCAGTCTGTATTATCGGCATTCAACTCTG	29	forward	slr1397	
5'UTR	AATAGCTCGGTGAATTTAGAGGTAAAGTCC	30	reverse	sll1286	
5'UTR	AGAGTAATTGTGACAGAGCAAAGGCATTCCG	31	reverse	sll1290	
5'UTR	ATTAATTTGCATTGTTCCCATAGCAAAGTGATCAACTATAGTTAACTTAAGATTAAGAAAATAGTTAACTTTAGGGCTAATAATTATTGACAGGTTTCGCTCTCACCTTAGATGGACTTTATTTGTTCAACCGCCATTGTTGTCCC	146	reverse	sll1291	
5'UTR	AAGATTAAGAAAATAGTTAACTTTAGGGCTAATAATTATTGACAGGTTTCGCTCTCACCTTAGATGGACTTTATTTGTTCAACCGCCATTGTTGTCCC	98	reverse	sll1291	
5'UTR	GTTAGCAATTGCCCAGGGGGATACCA	26	reverse	sll1292	
5'UTR	AATTGCCCAGGGGGATACCA	20	reverse	sll1292	
5'UTR	ATCTAGGCCAATTTTAATCGTCCTCCGCGT	30	forward	slr1385	
5'UTR	TTGTAACTGTTGTTACTTAAAGGTAACCACCGTTGTGTTTTTTGCAATCTAAGGGAATTGAAAATA	66	forward	ssr2315	
5'UTR	ATTATTTCCGGGTAGTTT	18	reverse	sll1298	
5'UTR	AATCACCACTGTGCGGAGAGAATCAAATAATT	32	forward	slr1378	
5'UTR	AAGCTTTCCCCATCAGGGATTTTTCTCTCGATCCATATGCTACTTTTTTTGGCCCATCCGGCACCAACCTCCCACCAGTACCCTCCAAGACGGATACCCTAAGGCCCTGTTTCGCCCCGTCCCGTCCTCCCACTGCTATCTAGGAGCTTGCCC	153	forward	slr1376	
5'UTR	AAATTGAGCACCGCTGAAAAGTTAATTTCCCCTTAACTCCCCCAGCATAAAGCATC	56	reverse	sll0984	
5'UTR	GAACTGATTTGACCGGTCAATCCTGCCCATTCCTGCCTGATCCGTCCAGATTCAACCAATTACTGCCCAACCTTAGAATTGAGGTTATCGCCCC	94	forward	slr1034	
5'UTR	AATTTGAT	8	forward	slr1032	
5'UTR	ACGGCCGGATTTTAGCGCCTTGTCACTAAACTGCCAGATTTGCCCAGTCAAATCCCTATTTGAATTCGAAACTTTTACTATTATTGTCTCTTTGCCC	97	forward	slr1030	
5'UTR	ACAATTATTTCAGAGGGGTGACCCTACCCCTGCAGACCATATCCAAATTTGGCCAGTCTAACGCGTTAGGAGCCCCCC	78	forward	slr1022	
5'UTR	ATTTGGATATGGTCTGCAGGGGTAGGGTCACCCCTCTGAAATAATTGTCTCCTGATCTTAAATCGACTGACCTGTTTTAAGTGAGGTTTTAGG	93	reverse	sll0993	
5'UTR	ATATCAGTGATAGACATTTACTCGGATTTAAT	32	forward	slr1020	
5'UTR	CGGAC	5	forward	6803t07	
5'UTR	AGAGGGTAATTAACCAAAACTTTTTTCAGCAATCGTCAAGAGGTATTAACT	51	reverse	ssl1911	
5'UTR	AATAGGGCTGTCCCTGTCTTGTTCATCGTTTGGCTGGATCT	41	reverse	sll0998	
5'UTR	CTTACTTTCATCTGTCCTAGGGAAGAGTTGAT	32	forward	slr1920	
5'UTR	ATCGACCTATGTAAAGACAAA	21	reverse	sll1830	
5'UTR	AATTCACCCACCGCACCTTTGTAGTCCTAACTAACTTTTAT	41	reverse	sll1832	
5'UTR	AGCACTCCCAATCAAGCATTCAAGGAAATTCAACCAGAGGAGGTTTAGGACA	52	forward	slr1918	
5'UTR	AATGCTCCCCCCTTGATTTGGCTCTGCT	28	forward	slr1917	
5'UTR	AAAAAATCAGCTATAAACGCC	21	reverse	sll1835	
5'UTR	GTTGAGGCCAGTTTTGCCGTTGCCTTTTTTTCTTTTGTGTGAGGAGTCAGC	51	forward	slr1912	
5'UTR	GATCGCCTAAATTACTAGAGTTGAGGCCAGTTTTGCCGTTGCCTTTTTTTCTTTTGTGTGAGGAGTCAGC	70	forward	slr1912	
5'UTR	ACATCGACATAATTGACGGCGATCGCCTAAATTACTAGAGTTGAGGCCAGTTTTGCCGTTGCCTTTTTTTCTTTTGTGTGAGGAGTCAGC	90	forward	slr1912	
5'UTR	AACAATTTCTGTGGTTTGAGGAGTTTTT	28	reverse	sll1837	
5'UTR	GAGGAATTTCTTGGTCTTCGCTGATCAAGAATCAGGTCAATAATCCAAGTTTCAACTGCTATTCAATTTATCGGTTGTGCCTGGCTTGATTAATGTAATCGGTGTGAGGATCCCTTTGTT	120	forward	slr1908	
5'UTR	AACGGTATTTCTCCTTACTCCGCCTGA	27	forward	slr1906	
5'UTR	GACTGTGGCATTTTCTTCTGA	21	forward	Norf3	
5'UTR	ATACTCAAGAAGCGCGGTGCTTTCCGCCCCCAGCACTGTTTACAGGAAGATAAGAC	56	reverse	sll1931	
5'UTR	CCAGAATTGATTCCATAGGATAGCAAACCTCC	32	forward	slr2053	
5'UTR	AATACCAACTCCTCACCGAACCTAGGGCTTGATGTTGGTTGAGGTAGTAATTTCCCCAGAGTGGAGTCCCC	71	forward	slr2052	
5'UTR	ATTATCAAGCTCTTCTTTAAGATCACGGAGGTTTACAC	38	forward	slr2051	
5'UTR	AACTAATTATCAAGCTCTTCTTTAAGATCACGGAGGTTTACAC	43	forward	slr2051	
5'UTR	ACCGGAGAAATTGGAATTTGGCGAACAGACAATAATTGGAATTGGCTTTCTTCCAATGTTTTTACCCCCAATTCCACTGAAATAGCCACCGTTGAAAGCCTTTTTGGCATTAGCCTTTAGACTACTATTCGTTGGACGGTAATGGCAATGGTCTATTTTTTGGATAAAACGCCGAGTCAGTGGGGAAGGATGGCAAGGTCCGTCACCTAGGCCATATACTCGACTCAAACCCTTCCTGAGTTGTCCCCTTT	251	forward	slr2047	
5'UTR	AACGTCATTTTTATGGCAATAGAGGAGCAATTTAGAGCAATTTTTGTTTATTTGTCGATTTGTTGAGCTTTTATTGCC	78	forward	ssr3467	
5'UTR	ACTACTAAGCATAGCTCCCTAGCAAAT	27	reverse	sll1939	
5'UTR	GGCTGATTCTCCTCCCCACTTTGCCGGGTACAGTTTT	37	forward	slr2041	
5'UTR	AGGAACGTTCCATTTCTTCGTGGAGATCGGTGGGGATAATTTGACCGCTGGGGAAAGATTTTCTGGCCATGCCGCTGGGAACCTGTGCGCTCGTCAATTCGCGGCCAATGTTAGCATTGGAAAGGCTGATTCTCCTCCCCACTTTGCCGGGTACAGTTTT	160	forward	slr2041	
5'UTR	GCTTTGCATTTGTCAGTCAATGTTGTTTTGAAAAATTGAAGGAGAACACAAA	52	forward	ssr3451	
5'UTR	ACTTGCTTTGCATTTGTCAGTCAATGTTGTTTTGAAAAATTGAAGGAGAACACAAA	56	forward	ssr3451	
5'UTR	AAAGATTACTAAAGATTTACCCCCAGTTCTCTGCTGTAGTAGCC	44	forward	slr2033	
5'UTR	ACCGAATGTTTTGTCCAGACTGTGACTGGGGTTTTCCAACCTAACTTCCCTTCACCCAATGGGTTAAAGTGTGAGAAGTCTGAAAAAAGTTCCATAATTTAGCCATCGTTAGTCCCAATCCACC	124	reverse	sll1945	
5'UTR	AGTCTGAAAAAAGTTCCATAATTTAGCCATCGTTAGTCCCAATCCACC	48	reverse	sll1945	
5'UTR	AACAGCCCATCTTTTATGATTGGGCACCGAGAGTCTTCCTGGCCTGACCCAAACGGTTAGGGTTAGGGGGGCTTACCATTTAGCATTAATCATTTTGGTAATCCT	105	forward	slr2032	
5'UTR	AGTGATTAATTGTGACCCTGACTGGTAATCT	31	reverse	sll1749a	
5'UTR	GTTAACCAGCGGTTTGAATTTACCCGGTATGTAGGTTCGCCGCCCTTGCCCCCAATCGGAGAGGGATCT	69	forward	slr1848	
5'UTR	AGGCTTTCGCTAGGGCGTTGTTTGCACCTCAGCGACTTTGCTGCTTGTTTAACTCTAATTATTGTTTAACTACTTAGAAATCAATTCCC	89	forward	slr1847	
5'UTR	ATAATTACCCTGGGATTATATCGGCCCTATTCCTTGGCCTATTGCTATAAATAACT	56	forward	ssr3122	
5'UTR	AAATTAAGATTTTATTCTTTGTCAGTCAGGAAACTCAAATA	41	reverse	sml0005	
5'UTR	AATATGAGTATTAAGTAGGTTAACC	25	forward	slr1768	
5'UTR	GCGACAACCTAAACCAAACTTAAATTAACGGAT	33	reverse	sll1642	
5'UTR	AATAGCGCGGGCTATCCACCACAATCGGCATCATTGTAAGCAGTGGATAACTCCGCTAATCTTGCCCTTTCTGAGTCGCC	80	reverse	sll1643	
5'UTR	AACACTACTCCGACCTATTTTTTTGATGAAATTTTTTACCGCT	43	forward	slr1761	
5'UTR	ATGTGGAAGGGAAAATTCCCCCAGATATGGTTCTAGATCACTCTTGGA	48	reverse	ssl1918	
5'UTR	ACCCATTGGCCCCTGGCCGTTTCCTAGAACAAGAGGCGATGCTGGAATAGCCTAACTTTTTGAACGTTTCCTCCCGCAAGGAACTCCTTGCCCCCTAGGCGAATCGCTTTATTTTTCGGCCCTATTGAGACATTGCGT	138	reverse	sll1002	
5'UTR	GTTGTCAATTTTTAAGATCCCAGAGAAGTC	30	forward	ssr1736	
5'UTR	AGGGTTTTAG	10	forward	slr1043	
5'UTR	AGGCAGGATTCGCCAATTTGCTTCGGATCCAGGTTTGCAGTGCCAAGCAGAAAGGACTTTT	61	forward	slr1042	
5'UTR	AAACCAGGCAGGATTCGCCAATTTGCTTCGGATCCAGGTTTGCAGTGCCAAGCAGAAAGGACTTTTATGAACGCAGTTTTGCTGGTTGAAGACAGCTCTAGTCAGCGCGAGATGATATCTGGCATCCTCAAAGACCATGGCTGGCAGGTCACCATCGCCTGTGATGGGGTGGA	173	forward	slr1042	
5'UTR	AACAATGGGCTCCCCAACAAAAAATAATACTGACTGAATTGTTAAGGGAGCGACTATGATGGAAAATAAACCAGGCAGGATTCGCCAATTTGCTTCGGATCCAGGTTTGCAGTGCCAAGCAGAAAGGACTTTT	133	forward	slr1042	
5'UTR	ATCAATCTTGTGAAAACGCC	20	forward	slr1041	
5'UTR	ACCGGGGA	8	reverse	sll1502	
5'UTR	ATAATTTTTA	10	forward	slr1603	
5'UTR	ACGATCTGTTTTTATCTAGGAGTTAACTATCC	32	forward	smr0005	
5'UTR	AATGTTTCTCACGATCTGTTTTTATCTAGGAGTTAACTATCC	42	forward	smr0005	
5'UTR	ACTGTCATGATTGGCGATCGCCGTTCCACGGTTGGCCATTGACCCAATAAATTTTTCCGTGGTTGTTATCCCATTTTCCCCTTGAATTGCTTGGCTTTGTTTGATATTTCTTCTCCTTGGCCCTGGTTGACCCCCAGCCATGGCATTATCGCCG	154	forward	slr1599	
5'UTR	ATTGCTGTTTCTGTACCGTCCCGCCCCCCAGGAAATTTAAGGTAATTTGCC	51	reverse	sll1509	
5'UTR	TCCTATAGCAGGAGAGATTGGAC	23	forward	slr1598	
5'UTR	ATTCAAGGGTAATCAATTCCTTCCACACATCAGGAGTTAACATT	44	reverse	sll1514	
5'UTR	ATTGCTCAATCCCAAAACCTTACGGATCGAACCCTGGGCCACCGTAGTTTGGGTAGCTTGAAAGAAAACTAAAACTTTATCAGACAACCTTATCAAACAATATCTTAGCTGTTTTTTTACCCAATCATCAGTCA	134	forward	slr1596	
5'UTR	ATATGGCAGAATAAATCGTTGACCT	25	forward	slr0695	
5'UTR	TGGCTTAGCTTTGTTTAATTTACAACCCGCCTGTCTTGGACAACGAGGGCCCGACCGGCACCCAGGGGCGTTTAGGATTGAGTGCA	86	reverse	sll0634	
5'UTR	AATTAGAAAATTCTATAAACCCAGCCCTTACCATCATA	38	forward	slr0692	
5'UTR	AACCTGACAGATTCCACCCATGGATGGGGGTGTTTGGACTCAATGTTATGATCTATTTAATACCCTCTCCTATCTTAGTTTTTGGCA	87	reverse	sll0639	
5'UTR	AATACCCTCTCCTATCTTAGTTTTTGGCA	29	reverse	sll0639	
5'UTR	AATCATCTTTTGGGATAACT	20	reverse	sll0640	
5'UTR	CTATCTTCATATTTTTTTCCTGTTAGTACCATTTAGTACC	40	reverse	sll0643	
5'UTR	AACATTGGACCATTGTACAGAGACTTTTCCATAGCC	36	reverse	sll0644	
5'UTR	TCCACTGTGTATATTTGGTTAACATTGGACCATTGTACAGAGACTTTTCCATAGCCAAAGCTGGTTTATCCCCAGTTTAAGTTACGCCATTATGTCCAACAGATTTTGAAGTTAATTTTAAAGTTAAATTTTGCCATTAAGCTTGATAAAACTTAATAG	159	reverse	sll0644	
5'UTR	AAACCCTTCCCAATCCCATCTTTGCCC	27	reverse	sll0648	
5'UTR	AGTGAATCAAAATTCTGGCCAGGGGATCAACGCCTCAAAAGTAATATATGGGACTTATTTCTTGGTCGGGAACTTTAGCTGAGTTAACTGTACCATTCCATCCCTGGGGGGTAATGCGCC	120	forward	slr0680	
5'UTR	GGTTAAGCCCGATCGCCAAGGGATTAGTCCCTTATTTCCCCGTAAAGTTGAATACTTTTCTAGTCGCACATATTGCAATGGAGGCAATGAATAGCA	96	forward	slr0677	
5'UTR	GATTCACAATTTGACAAAAGTACTAGCAACAACCATGCCAGCGGAGGGCAGATTTTATT	59	forward	slr0670	
5'UTR	AGAGGCTATTCGGAAAATTGAAGTCTATTTTTAGTCAGAATTAACAGGAAGTAAGTTTTAGAGA	64	forward	slr1090	
5'UTR	ATGGCAAGTTTTCTGGCCCTACTGCCCCGGTCCTTGACCACTTTCCTTTATAGCGAATAATTCCCC	66	forward	slr1081	
5'UTR	AATGCGAGGTCAAATGGGAAATATTGATACTCACAAAAACAAAGATCGGATATGAGAGTAATCGTTATTCAATTTTGCC	79	forward	slr1073	
5'UTR	TTTATCAAGATTTAAGAATGATATTAATTTGATCTCCCAAGCC	43	forward	slr1069	
5'UTR	AGAAATGTCGATTTTAGGTAATGAACG	27	forward	Norf2	
5'UTR	AGGTAAAGAAAATAAGCAACTCCT	24	forward	slr1611	
5'UTR	ACTCTTCTAAGCTGCACCATT	21	forward	slr0981	
5'UTR	ATCTTCTCTCCATTTTTGATGTGGTTAGATTTTCTGGCTGACCCCATCCAATAAAAAGAGTGACTAAATACTACTACTACT	81	forward	slr0980	
5'UTR	ATCTTGCCCTGACCCTCAATGTGATTAAATTTCCTGGCATTATTGCCATCAAGCATCTTAACG	63	forward	slr0978	
5'UTR	GCACAGTCACCGAAAATAACGGTAATATTGACCCAAGTAAATAAAACTGCTTCCACACACTAGGTGCTAAACCATGGCTAATTCCCCAAGCATCCTTGCCCAATAACCATTCCCCCCAAGATA	123	reverse	sll0923	
5'UTR	AAGTAAATAAAACTGCTTCCACACACTAGGTGCTAAACCATGGCTAATTCCCCAAGCATCCTTGCCCAATAACCATTCCCCCCAAGATA	89	reverse	sll0923	
5'UTR	GCACGAGTAAA	11	forward	6803t05	
5'UTR	GTTAAGCACGAGTAAA	16	forward	6803t05	
5'UTR	ATTAGCAGAGCCCCACTG	18	forward	slr0975	
5'UTR	AATCAATTAGACAAATTTGGCAAGGCAG	28	reverse	sll0925	
5'UTR	C	1	none	sll0926	
5'UTR	ATGATATGAAATTCTTGTTGATATC	25	reverse	sll0928	
5'UTR	AAATTCTTGTTGATATC	17	reverse	sll0928	
5'UTR	TCTTGTTGATATC	13	reverse	sll0928	
5'UTR	TTGCAACGAAATTTATCGCCCAATACTTTACAGCCTAGGTTTTTTCCACAGAGACT	56	reverse	ssl1784	
5'UTR	AGCATCGGCTTTTCGAGTCCGCATTTACTGTCAGACCTTTAGCTAAGCTTTTAACCCTCCCTGTCCCAACCTATCGAATAGAGGAAGTTTGTC	93	reverse	sll0934	
5'UTR	AAGTGAGTCCGTTGACCGGGAGTATTTTCCA	31	forward	slr0971	
5'UTR	GTATTTGTTTAGACATCAGCC	21	reverse	sll0936	
5'UTR	AACTGAGCGAGAGGAGAAAG	20	forward	slr0967	
5'UTR	AGGCTCAGAGCAAGGCTTATTGTTGGTTGCTCTGTCCGTTCCAGGGAGATGATCCCAATCCCACCTTCCTTTTTGTCCTAGCCTAGCCTGCCC	93	forward	slr0966	
5'UTR	AGCTTCATTG	10	forward	6803t04	
5'UTR	GTGAACTTCTCGATGGAGTAACTTCCG	27	forward	slr0962	
5'UTR	GGACTTTATCTGATCATAAGGAGATCTGCC	30	forward	ssr1604	
5'UTR	AGCCATATTGCGAGGAAGAAGAGCC	25	reverse	sll1186	
5'UTR	AGCCAAAATCCAGGTTAGTTTTCTGGGTTATTCGGCCTAGTTGGATTAGCTTGAAGGGAAGGGATGCA	68	forward	slr1306	
5'UTR	AAATTAAGGCAAGACTGAGGGTCCCATATTCTTGGACAATAGCATAATGCTTGACGGTAGTTGCTAGAATTTGTCTAGGGGTAAGGGAGACTCCTTTACCACCGTCCTTCCGTTGAACAGGTCAAACTTTTTATCCCGTCCCTGAGAGGTCA	152	forward	slr1305	
5'UTR	ATATGGGACCCTCAGTCTTGCCTTAATTTGTTTTAAATTAACCACAAAACTGCGTCAAAATCGACGTTGTAATTGGAGATTTTGGGGGTTGCTATTTGTCTTTATCA	107	reverse	sll1189	
5'UTR	ATTATGGGCTTTTGTATCGAAACCATAGTTCTGAAGTT	38	forward	slr1302	
5'UTR	AGTTTGGTCAGATTTTCCTCTAATTACTCCAGGGGTAAGCTAAAAAAATTCCCGCGGTCCTGCCCATCGGCGGGCTTAAGATTAAAATAAAGCGAGAACTTTCCCGACAAAATCGTCTCCACTGCTCAGGACAACGACTT	140	forward	slr1301	
5'UTR	AGAGCAGTCAAAGCTCTAATTTGGTCTCGGTGTGTTAGGACGTGTCAAGGAGAGAAGCTG	60	forward	ssr2153	
5'UTR	CGTCAGCCACGGCGACAACGGTGGCAGCAAGAGTAATAAAAAACAACACCAGTGGACTTGCCCTATTCCACTTTTTTCCATGTTCATCCCCCCAAAGATGGGACTGACATGCCCTGAAGAGAGCCCTATGGTGGTAGTAGAGCAGTCAAAGCTCTAATTTGGTCTCGGTGTGTTAGGACGTGTCAAGGAGAGAAGCTG	198	forward	ssr2153	
5'UTR	AATCATCGTTGTCAACCATAGGGATAAATGCCTTACCCTGGGCGTGTTTCACCATCACTGACGACGGCATAAAAATTGTCCCATTGTTTTTCCT	94	forward	slr1300	
5'UTR	ATTTTCCGGCCTCCGGTCGACCAGCTCAGCTTGGGCAATTGATCAACAATTCATTCCATAGAACTAATCA	70	forward	slr1299	
5'UTR	AAGAGGAAAGATCAGGGGGCAGGAAAATAAATTACCTAATACCTAGTCCTGGTTGATAAAACCAGAGGCAGAAAACCTCCCCGTTTTCTCAAACTTGCCCAAAAGACAACTGTTGAGTTTCCCCCATTGGGACGGAGGTTATG	143	reverse	Norf1	
5'UTR	AAAAAAATTCAGCGATGGCAGACC	24	reverse	sll1193	
5'UTR	AATTAGCGCTGGTTTGACCTCCCAAAATCGGCGCAGTCGGCATAATTTTCTTAGATAGTAACAATTCATTGCCTTGGTTATAGGAGACAATTC	93	reverse	sll1194	
5'UTR	AGAACTATATCGGCAAGGAAAACC	24	reverse	sll1196	
5'UTR	GAAATTTTTCCATAACTTTAATTAATCGGATCAATAACTAAGGGGTGGGGGTTAAAAATC	60	reverse	ssl2384	
5'UTR	AATTACTTTTATTAGAGGAGTGAAAAAGTTCAGCCACC	38	forward	slr1295	
5'UTR	AACAGTGGCAAGCATTGGTAAATAGTTTTCAACGTTAACAACAGCAACTTAAATCCCCCTTGAATAGGATTTGGAATTACCC	82	reverse	sll1200	
5'UTR	ATCCATGTGAATAAGTTCTTTGACCTAGGTTTTTCCTCGCCTAACCTTGTTAAATTTTTGCCAATTTTCTGGCGATCGCCTGGCGGATCTCTAGGAGATTACCAGTAGAATTCGGCT	117	reverse	sll1201	
5'UTR	TA	2	reverse	sll1201	
5'UTR	ATGAATCCAAAAATTGATGGGTTTGAGTGGGATGAAGGCAACGAACAAAAATGCCAGAAACACGGATTGACCAAAGCTGACATTGAAGCGTTTTTCAAAAATCAAGTTTGGATTGCGCCAGATGTTAAACACTCTCTCCAAGAAGAAAGGTTTCTCGCTGTTGGTTATTCTGATTCTGGCAGGCCCATGTTTGTCGTCTTTACCTTACGTATTCAGGATGAAAACACTCTATTGCGCCCTATCAGTGCCCGTTATATGCATCAAGGAGAAGTACAAAAAT	280	reverse	sll1652	
5'UTR	TGACCAATCTGGAAATTGG	19	reverse	sll1653	
5'UTR	AAGTCAACGCCTATGCCCCCACC	23	reverse	sll1656	
5'UTR	GAAAAAATGTGGTGCCAATTAGTAACTCGGTTTTGTTTGACCCTAGCTGGCGATCGCCTAGGTGGCCGTAGCTGACTAGTTTTTCCCCTGTAATTGCAG	99	forward	slr1799	
5'UTR	A	1	none	slr1798	
5'UTR	GTGGAATTAGGTTGC	15	forward	6803t03	
5'UTR	ACCTCCAGCATTTCCATCCACCAGGCTGGTCCAGCCCGTCTTAATTCCTAACCCTAGCCCTTAGTTGATTTTTCCAATCTTGTT	84	reverse	sll1663	
5'UTR	AATCTTGCTCATTCAATTTAGTTACACACTGTTACAGTGAATTGAGTCTTTTAGCTCAGCTCAACAAAGACTGATTTTTCCCGTTGGTCAACCAGACTAACAACCCGTTACTGCTGAGCTCCTTGGTCGGAATGGGTATTTTCTAACTTAACTGTCACTTTGGAGACATTAC	172	reverse	sll1665	
5'UTR	GACTTTGCCCTATTTTAGACTGAGTTTTTTCCACG	35	forward	slr1796	
5'UTR	GATTGCAATGTTTCTTTACTTAACCACTATTTAAGCAAT	39	forward	ssr2998	
5'UTR	AATCTTTGACCCCCT	15	reverse	6803t02	
5'UTR	CTTGGGTATGAGCTGATGACCCACCCTGTTCCTGGGAAATGCCCAAGCGCGAGTATTTCTCCCTCCCTTGTCCACTGTCAACGTTTACC	89	forward	slr1790	
5'UTR	ATTACAAGCAAGTTCCAAGGAAAGCAATTAAAACGACCAAGATATCGGAAATTTTAACCATGGTGCTGACCCCCTCTGCTTTTTAACTTTACATTGCAAAATATTTCTCAGCCAAAGATTGGCAACTTTCGTCCCAAGGTAGCCAAA	147	reverse	sll1671	
5'UTR	ATGATCCAATTACCAAAATCCTCCC	25	forward	slr1788	
5'UTR	AGGTAAACCAGAAGAAAGGGTCATGGTGAGAGAAAGGGCTCAACGATCAACACTGTCCCTGTTTTAATGGTTGATGGGCGGTTCTGCCAAATTTTTGTCGCCAACTTCCACTTCTCTTCTGCCT	124	forward	slr1787	
5'UTR	CCGCTTAGATCAACAAAATCCAAAATTATTGAGAGGTTTGCCTTGCTAACATTGGGGGTCAACATCGATCACGT	74	forward	slr1779	
5'UTR	GGTTGACTAAGGCAAAATTTTTGATTTGTGAACTTTGTGGATGATCTCAGCGAATTTCCCCGACAGAATAGTAACCATGGGGGCACAGTAAACCGAAATAATTGCCAGCTAGTGGTCGTTGGGGCGAT	128	reverse	sll1686	
5'UTR	GACTAAGGCAAAATTTTTGATTTGTGAACTTTGTGGATGATCTCAGCGAATTTCCCCGACAGAATAGTAACCATGGGGGCACAGTAAACCGAAATAATTGCCAGCTAGTGGTCGTTGGGGCGAT	124	reverse	sll1686	
5'UTR	TGGGGCATTCAGACGGTCAAAGGTCGAAGTATTTTTAGCAAAAAATCAGCAATCAAACC	59	forward	slr1109	
5'UTR	AAATAATTACAAATTCACCCCCAAACGTTAACAACAGGAGTAAAGTC	47	reverse	ssl2009	
5'UTR	ACAAATTGTTAATGCGGACCTTGAAGCCGCTTGCCCGTTATGTCTCTTCCCATCCGCAATGTCGCCATCATTGCCCACGTTGATCACGGTAAAACCACCCTTGTTGATGCTTTGTTGAAGCAATCAGGCATTTTCCGGGAAGGGGAAGACGTACCG	156	forward	slr1105	
5'UTR	AAGGCTGATCCTCTGGCATAACTTAGAATTAATAGATCCCAGATTCTCT	49	forward	slr1104	
5'UTR	AGGGTCGCAATTTAGCCAGATTTTGTCTCCATCATCGGGTCAAGATACATATTTCCCTTGCCCATCCGCCCATCCTTGCTGTT	83	forward	slr1103	
5'UTR	AAGCCAGGGCATTGAGCAAATCCCTTGGTCTGGCGGAGAAACTGCTTAAATTTGCCTCAATTATTGCCCATTGCCCCAAGCCTTGGAGGGTTACCTTGTTCAATAGAATTCTCGTTGCCTTGGATCTGTCCCCCGCAGGTCAAGAAGTTTTAGAAAAAGGTTTATCCCTCGCCAAGGTCTATGG	184	forward	slr1101	
5'UTR	TTGACAGATTGAGGTGCAAGCAACG	25	forward	slr1096	
5'UTR	ACATTTGAGCGTTTGGAGCCCCAGGCC	27	forward	slr1095	
5'UTR	CTGTGAAATT	10	reverse	6803t01	
5'UTR	TTTCGGAAGTGTACTCACTGTTAAGATGGCGGTGAATTTTTACGAAAACGTTACAAAAACCCCAAC	66	reverse	sll1040	
5'UTR	TTTGCCAATAAATTTTGCTAGAAGTACCATTGCCATCAATTTCTTGATTTTTTCCCTTGACCAAACCCTATGACCCGTCCCCTGTTTAACGAACTCCGTGGCCATTTGGAAGCATTTTTG	120	forward	slr1416	
5'UTR	AGGTTCTCCCAAGGCCATGGCCACAAAAAATTGGAGCGATCACCATCCATGTTCAGATTTGTTCAGGGGCAGGCCCCCCATGCCCTGCACACGTTGGGAACGGGGGCGGCACTTAGTTGGTTTAAAAGTATTTGTCTGATTTTGGCGGATAACCAGATTCAGTGCCGTGTTTGGGCTAAGTTTAATGGGCAATCCCCCTGGCAAAAGGCGATCGCCGACTATAGTCAAACGGGGTTATTGAGCCATTTATATTGGTGTCGTTCCGGGGGGGAACCGGGGCCG	282	forward	slr1414	
5'UTR	GGCTTAGGGTAGGTGGTCCTTGATTACCAAGGAAGACCGTTGCCCAAACTCCATTTCTCACCTTGCTAGTAGTCAGAGTGTGACACCGCCAACTCCATCGTCCGAGGGTCAAAATTTTCCTAGTGCTCCTGCCCCGAAGCTTATGGAAGCGGAAACGGTAGTGGATAACGGA	172	reverse	sll1321	
5'UTR	AATTTGATCATCTTCACTATCATTGGGGAATCTCC	35	reverse	sll0220	
5'UTR	TGGCAAAGCTTGTTTTTATTGGCGTATTTAACAAAAGACT	40	reverse	sml0004	
5'UTR	GAGCATTTCTCGGTTGTACCT	21	reverse	sll0223	
5'UTR	ATCAGGAAATATTGCTTTGCAGGCAAAAGCCA	32	reverse	ssl0410	
5'UTR	ATTCG	5	forward	slr0251	
5'UTR	ATTGGGTTGACAATCTTCCCCTGCTTTCTTCCCTAAGCTTGCCTGTTAGCGATT	54	forward	slr0250	
5'UTR	GTTAGTTTCGTTGTAATTATTGTTAGAGAAATAC	34	reverse	sll0226	
5'UTR	GTATTGAGCCAAATTTAAGATCGAGGCAGTTTAGGCT	37	reverse	sml0003	
5'UTR	CCAAATTTAAGATCGAGGCAGTTTAGGCT	29	reverse	sml0003	
5'UTR	ATAAGGCTTAACCGAGGAGGGCTTGCCGTTATCAATCTCCATGGCACGGTGAGACTCTCCCTGAACCGATTCAAGGAACTCAATTATC	88	forward	slr0244	
5'UTR	AAATTTGAGATTGTCGTCAGCCATTACCGACGAGTAAAAGCT	42	reverse	sll0230	
5'UTR	TTTACTGAGTTTTTGCCCAATTAACTTTTTAGCCCATTGGAACC	44	forward	slr0238	
5'UTR	ACCACTCCTTGCCCACCGTTGACC	24	forward	slr0743a	
5'UTR	GGTTGATAATGCCAGCTTTGTGCTAATTTGTCCTGACCACTCCTTGCCCACCGTTGACC	59	forward	slr0743a	
5'UTR	AGTTGCCGCTCCCGGCCATTGCCCAACCCCGTTATTTAGTATCCAGTGACAGT	53	forward	slr0739	
5'UTR	AGTTTAACTAACGGGCGAATTTGTTAAAGGCACTACTGAACCTTTGACAGTTCGCTCTTTCAATGTTGGCAAAGGTTTT	79	forward	slr0738	
5'UTR	AAAATACCTTATGAAATTCCATTTTCATCCCT	32	forward	slr0737	
5'UTR	AAAGCCAGATGGTAACCGTAGGTCAGTGGTAGGATTCCCTAAAATACCTTATGAAATTCCATTTTCATCCCT	72	forward	slr0737	
5'UTR	AGTTTTGGCAAGGAGATT	18	reverse	sll0698	
5'UTR	ATACCTTTATTATTGACTGCTGCCCGTTC	29	forward	slr0732	
5'UTR	AATCCCATAGGAAGAGTGTTATCCGTTACCTGATCAATGTGCC	43	reverse	sll0704	
5'UTR	GTCAAGAGCATCCATTTTTTGCCGATTATCTTTGACCCCGGCACCCTCAAAGCTTGTCTTGAGCGCCATTGTCCCCTCCAGTCCCTACGTGCGGA	95	forward	slr0731	
5'UTR	AAGTTAATTCGTTCTTTTCCTTACACAGAGTGGCAAAACTGGCGAATCTTTTGGGAACCCGCTCCCATTTTGTTTTATTTTAAAGAGGTCAAGAGCATCCATTTTTTGCCGATTATCTTTGACCCCGGCACCCTCAAAGCTTGTCTTGAGCGCCATTGTCCCCTCCAGTCCCTACGTGCGGA	182	forward	slr0731	
5'UTR	GTAGCAAGGTGAAATTAATTGCTCAATGCCGGCCATTGCCGATTGACCCTTCCCAATAAACCCCATCGCCCTCCGAATTTCCC	83	forward	slr0729	
5'UTR	ATAACTATATAATGGATGATAGCTTTAGTATGAAAAACCACACAATCTCCCAGAACCCACAAACTACTTTTATCTACTTGCACATATA	88	forward	slr0727	
5'UTR	ATAGTTTTATGGGCTGAGGGACCACT	26	forward	slr0724	
5'UTR	AGATTGATGGGGCTAGATACATGGGCAAACCCTGACAGCTAGGGCAAACCTCGGTAAGCAAAGGCCACAGATCAAGCATAATCGAGGAGAGACTGCGTACCCAAACGCCGCCT	113	forward	slr0721	
5'UTR	AGAAGAAGAAACGTCATAGCACATAAGGAAAACACGTTAA	40	reverse	sll1043	
5'UTR	AGATTCGATATCTTGGGGGATTTTTTGCTCATTTTGTAAATTTCTGGCAAATTCT	55	reverse	sll1045	
5'UTR	TTGCCTAAACTGTCCTGCCATCTA	24	reverse	sll1049	
5'UTR	GATTTTATCGTTCAGGAGGCAG	22	forward	slr1124	
5'UTR	AGTGTCCACCGGGTTTGAAATCTGAGCCCCAACCCGGAATACCTTTTTTAAAACTGACTTTGATCATCC	69	forward	slr1122	
5'UTR	ACTAGCAACGGAAAAACTCCATGAGTCCAACGGTTTTTAAAGAGGAGGGCTATCGTTTTTTCTTCTTTTCTCGTGAAGAAACAAGAATGCACGTCCATATCTATTGCGAAAAGGGAGAAGCAAAGTTTTGG	131	reverse	ssl2064	
5'UTR	AAGGGATCAGTCCGCTAGAAACATGCCC	28	reverse	sll1057	
5'UTR	ATTAATCAGTTGAGCAATTCGGATAAAGCTGGGGCAATT	39	reverse	sll1058	
5'UTR	AAGTACCTGGCATAGGTATTAATGGGGGACCCCACCGCTGAGCAGAAATCAGTCCCCGACCTGAGTATCTGGATTGTGTGCAAATTGT	88	reverse	ssl2069	
5'UTR	ACCCAGACATCCACTTTGGCTTTTGCT	27	forward	slr1118	
5'UTR	AGTTCGCCAAGTTTTAGCC	19	forward	slr1498	
5'UTR	GTTAACGAAATTAATGTCATTAAGGTAAAAAAAC	34	reverse	sll1398	
5'UTR	ATTAAAATTTATTGACTGTCTAGCAAGGATGCTAGGCAGTTTGTCGTTGCATAGGGCATT	60	forward	slr1489	
5'UTR	GTAGCATTT	9	forward	slr1315	
5'UTR	GTCTAGAGAATTAATCCATCTTCGATAGAGGAATT	35	forward	slr1312	
5'UTR	AGTCAGTTCCAATCTGAACATCGACAAATACATAAGGAATTATAACCAA	49	forward	slr1311	
5'UTR	GATGTATTTTGGGGCAATGGGGAAAAATTAACTA	34	reverse	sll1212	
5'UTR	ACCTTTTGCCCGTTGCTTTGATGGCGAGCAGACCTTGTTATTGATTGGAAACTTGTTAAGGAAACTATTTTAAACAACTCT	81	reverse	sll1214	
5'UTR	GAAGGCTGATTAATCCCGCTGTTTCT	26	reverse	sll0558	
5'UTR	AGTTGCCGAACTCCCTATCAAGCCGAATCATTAATCATCCCGTTT	45	forward	slr0613	
