sgRNA_target	ncRNA_type	sequence	length	direction	locus	comment
slr0607	iTSS	AAACCATTGAGGCCGGAGGC	20	forward	slr0607	
slr0604	iTSS	TCAATTAATTGGTTATCGGGAAAATCCCCTGGTCAAACTGGACATTTTGGTTAACGGTGATGGGGTGGATGCATTGGCCATGATTGTCCACCGGGATAAGGCCTATTACGTTGGCCGGGCCATGGTCAGTAAGTTAAAAGAATTAATTCCCCGCCATCAGTTCAAAGTACCCATCCAGGCGGCGATCGGGGCCAAGGTCA	200	forward	slr0604	
sll0564	iTSS	AGTCCCATTAAAGCATTCCATGACTGTCAGC	31	reverse	sll0564	
sll0567	iTSS	AATGTAATCGCACCATCGAATTTAAGAATGATTCCATTCTCAAGCAGAGCTTGAAGCAGTGTGAAAAAGAGGGTTTTCAGTTGATCGATTGTCAGCTAACCGTCACCACCATTTGT	116	reverse	sll0567	
slr0593	iTSS	ATCCCATGAGTTGGTAGATTATTTAGCCCACAGTGAAGTGATGAATGCTCTGCCAGAGCAGGAAAGGCATCAACTTGCTGGTCTGCTCACTCCTCACCAT	100	forward	slr0593	
sll0575	iTSS	CTCTACGGTGTGATGTTGGGATTTTCCCGCCAGGAAATGTTGGAGCGGGTGGATTCTATCCTGGATTTTGCT	72	reverse	sll0575	
slr0589	iTSS	GTCTGTTAGCTGCCCTAGGACTGCTCTGTTTAGCCTTGGTGTTAGCGGTATTTTGGCCCCAACGGGGTTTTCT	73	forward	slr0589	
slr0587	iTSS	AGGGCTAATGGCGATCGCCGTTAGTTCAGTGTGGCCAGCCCAAGCCCAAATGATGACCGAAGAAAATCTTAATCCCTTGCCCCAATCGGAAGGCAGTGCGGCGGATTTGGCCGGTATTTTGCCCAAGGATAGTGCCCTTTGGCTGGGAGGCGTGGGGGGAGAAGGGGATATCGATGCCGAGGGAGACTATAGTCCCTACGAAATCCGTTCCGACCAATTTGAAGGACAACTAACGGAAATGGAGGAACAGCAG	253	forward	slr0587	
slr0586	iTSS	TGTTGCTTTTTCTTTCTTCCCCATGCTGAGACTGATTACCGACTGTGATGGCCCGATTATGGATGTTTCTGATCGGTACTATCAGGTCTATCAGTACTGTCTTGAGCAGGTTAAATTGCCTGGACAAGATCTTAATGTATTGAGTAAAGCAGAATTTTGGCAAAGGAAACGGAGTAAGGTGCCCAAGGCACAGATTGGTCTGGACTCTGGCTTAACTAAGGAGCAAACGGAAG	233	forward	slr0586	
slr1192	iTSS	GCCACAGTGATTTGTCCATGATTAATAACGAATGGGGCATTTCCAATTACCCCCTAGT	58	forward	slr1192	
sll1107	iTSS	AAATTACCAAAAATGCCAACAT	22	reverse	sll1107	
slr1179	iTSS	GGACAATGGGCGGCCCAGGGTAAGCCCCGCCAAGAACTGGTAGACCAATGGTTACAAGAACCCTTTTTCGAGCAATATCCGCCTAAATCCACCGGGCGGGAATTGTTTGGGGCGT	115	forward	slr1179	
slr1178	iTSS	GTGGTGGTGCTGGCAACCCAGGGGGAATGGTCTAAGTTGAGGCTGT	46	forward	slr1178	
sll0441	iTSS	ATACTTCTACTTATGGTTTAACCATGCCTGCACTCAATGTTTATGTGACCGATGATTTAAAAAGTCGAATGGCAAAGGTAGACGCAAATTGGTCTGA	97	reverse	sll0441	
sll0445	iTSS	AATCAGTTAAAACAGGACAATCTTCGAGTTCGTATTCACGCATCTTTGTTGTTACCGTACTTTGCCTTTGAACGTCCTGACGACGGCGATCAAACGGT	98	reverse	sll0445	
sll0446	iTSS	AGCTTTTCGGGTGGATCAGCCCACTCCCAATGCCCAAGCGGAAAATCGACGATCGGGTCAGGAAAGTTATCAGTACTGGAAATGTGATGCCTACCCCGATGTCCTCCTGGCGATTGATAAAAATGCCCAGCCGCTTGGTCTT	142	reverse	sll0446	
sll0447	iTSS	ACTTCAAGTAGGGGAAATAGAGCAACAAAAAGAACAAATTGATCAAGTAAAAATTATTCTTGAGCAGTACGCACAACTAAATGTCGATTATT	92	reverse	sll0447	
sll1542	iTSS	AAGTTCCCTGACTTAACCAAGGAGATCATTATGCAAATGCTGGATCTGAAACAAATGGACATTACCAAGTCTCTGTTCT	79	reverse	sll1542	
ssl2999	iTSS	CACAGATATTTTAGAGTTTGAGGCCCGACGAGCATCTTCCCAACAAGCTGAAACATAGGCCAAAGCCTGTTGAATATCCTCCTCTTCCAACTCTGGAAATTCCTGGTAGAGTTAGTTCATGGCGGTCTGGATAGGTAGCAAGTAAATCGATTACCCTTTTCACTGTCAAACGTTGTCCCCGAATACAGGGTTGACCATTCATTTGATTGGGGTTGATGGTGAT	223	reverse	ssl2999	
slr1661	iTSS	GTGTTTGAACTCGCTCCCTTTGTGGATTTTGGCGCAGTGTGGAACAGTGCCGGCAACCCCACCCAATTGCCGCCCAATTCTGTGCTGGTGGGGCCTGGATTGGGCCTTAT	110	forward	slr1661	
slr1661	iTSS	TAGTAAATCAGGCTTTGGCCACAGGTTTGGGTACCTTTACTTCTAAGGTGCCAGTAGT	58	forward	slr1661	
sll1546	iTSS	AAACGGCAGTTACATTTGCACATTACCCCCAAAGATCCCG	40	reverse	sll1546	
sll1547	iTSS	GGAGTATATGGATGAACGGTTAAGTTCAGTAGAAGCGGAAAATCAGTTAAAAGCGCGGAAAAGATTTTCTAGTTATGACAAGGGTTTAATTGATCAACAAGCGGCGGAAATTATTCTACAACAATGGCTAGATTTACGGCGTTCTCATTTACAAGAAGGGGGTGATAATCTCCATCGATAAATTTT	186	reverse	sll1547	
sll0721	iTSS	GTCGATGAGCAAGATGATTTAGTTGATGTCAGCCCGGGGAATGATGATTTTGGGAACTTTGATCCTAATTTTAATTTTCCCAGCCCAATGCCA	93	reverse	sll0721	
sll0721	iTSS	AAAATGTCATTGATGAGGGTGGTCTTAGTTTTGATGCGATTGAAGAATATGGGCAGAGG	59	reverse	sll0721	
sll0723	iTSS	AAGCTTTATTGGGATGGTACTGCATTAATTCAGGTTGGGGACGGTCGTCGCAGTGATGGCAATTACATCG	70	reverse	sll0723	
slr0758	iTSS	ATTCGAGAATATAGCATTAGCCATGATGGCCCTGATATT	39	forward	slr0758	
slr0758	iTSS	TATCCAGAATCGGCGGGCTTGGAGGATCATTTGCAAATGATCAAGTCGGAAATATCGGAATTTAAACCTTCCCGCATTGCCATTGATTCCCTTTCTGCCCTGGCCCGGGGAGTGACCAATAATGCTTTCCGTCAATTTGTC	141	forward	slr0758	kaiC1
slr0756	iTSS	TCTGGGGGAAATGTATCGCCGTTCCATCCCCCGGGAGGACAT	42	forward	slr0756	kaiA
slr0756	iTSS	AAGCTAATTCCCTTCCAGTGCTGAATCGTCTCTATGAACAGGGGCGATTGTTGCCGA	57	forward	slr0756	
slr0755	iTSS	ATGCACAACAGAAAAATGGGTGGTTTTTTGACCCCAGAAGGGTATTATCTTTCTTCACTGAAGATCCATCTGTAAAACTCGTCAAT	86	forward	slr0755	
slr0753	iTSS	AATGATTATTTATTTAAGCTCAGCTTCATGGGAGTTTTAGCCATTGTTAGCATTGTGGTTATTACTCCTTTTTTGT	76	forward	slr0753	
slr0746	iTSS	GTATGTGGACAGTTCCCAGGGGGAGGTGAAAAATCGCCAACCTCTACAACTAGAAACCGTGGCGGGGCAAACCCAAGTGGTGGCTGGCCCTGGGGATATGCGGGACAGGGAAGAGCCATTGAAGATCAATGTGGCTTTTCCTGGTGGCCAT	151	forward	slr0746	
slr1588	iTSS	ATGGGGTGTGACGAGTTACAAGGCTATCTTTTTAGTCGTCCTCTGCCAGTGGCAGATTTCACCGAGTTGTTAAGCCGGGGCACGGATGTTCCTATTTTGCCCCTACGGCGCTGACAGTTCAGTCAAGAT	129	forward	slr1588	
slr1584	iTSS	AAGGTGCATGTGCGGAGTTTGCGACAAAAATTAAAAAGTGCCGGTTTATCAGCAGATGCCATTGAAACGGTCCATGGCATTGGGTATCGTCT	92	forward	slr1584	
sll1473	iTSS	AAATGCTAGGCAAAACCCCCCGAGTTTTACAGGGACCAAAAACTAGTCGCACTGAATTAGATAGGGTGCGGCAAGCCATTAGTCAATGG	89	reverse	sll1473	
slr1572	iTSS	ACATTGTTGCATTTGAAGATACCCTGGATTACCAAATGACTAAACAGGAGGGGCTCGCCGTCGATCGCCTACGGGGGGACGTGTGGGGTGGTAAGGGTAGATTGTGCCGCTTCACTGGCCAGGGGAAAATTTGGCTCCAGGCCCGTCAGGCCAATAGCTTTTTGAACTATGTCCAATCAATTTTGCTCAATTTACGTTTTCCCCGA	206	forward	slr1572	
slr1567	iTSS	AAATTGAGGGCGATCGGGACCG	22	forward	slr1567	
slr1565	iTSS	AATTGACCCCCAGTGCCGCCCAGGAAATTAAACGATTGCAACACAGTCGCCAACTAACCCGCCACCATTTTCGTTTGGCGGTCAGGCCCGGAGGGTGCGCCGGTTGGTTATACCATTTGGATTTTGTGCCGGAAATTACCGCTGACGATTTGGAGTATGAAA	162	forward	slr1565	
slr1559	iTSS	ATACTCCCCGCCCCACCAGGTTTTTACAACATGCTCAGGAGCGGGGTCTAGTGACCATTGATGGAGCAGAAATGCTAGTGCAACAGGGAGCCGCCGCCTTGAAAATTTGG	110	forward	slr1559	
slr1556	iTSS	GACCTCAAAACAGCCGCAGATCTGGGGCTAAAAGTAGTCCATGTACCATCCTATTCTCCCCATGCAGTCGCAGAACATACTGTGGGGTTAATTCTGGCTCTAAATAGAAAGTTATATCGAG	121	forward	slr1556	
slr0665	iTSS	ATTTAAAGTGCCTGGGGAGACAAATACTGATGATCTGTCTCCTGCTCCCCA	51	forward	slr0665	
sll0624	iTSS	AACGCTCGTGATTTTGTCGGCGTAGAGCAGTTTGGGTTAAATGTCCTGGAGCCTTCAGAGTTT	63	reverse	sll0624	
slr0658	iTSS	ATAGTTGTGACTACAGTAGAGAATACAGGCTCAGTAATCTGCCATAGTACCTGCCACATTCCGGGTTTAGAGGGCCGCCTTAATCCAATACTCGATACCGGCTTTCGTAAGTATCT	116	forward	slr0658	
slr0656	iTSS	ATTGACCCTGAAGCTAATGAATCTTTGGTCACCCAGATTATGGTGGAAGCCATCGACCATTTTTGCC	67	forward	slr0656	
sll0631	iTSS	ATACCAAAAGAGAATGGCAAAGCC	24	reverse	sll0631	
ssl2667	iTSS	GTCCCATTGTCAAAGTACGTTTGCAGGGCGCTTGTGGATCCTGTCCCAGTTCCACCATGACCCTAAAAATGGGTATTGAGCGC	83	reverse	ssl2667	
slr1462	iTSS	AGCAATTCAGGGCATCACTGCGGCCTACCTCACCCGCATTGCTGGTAAAAGTTTTATTCAATATTTCCGTCAGGATCAGGATTGGGGCGATGGCGGCGTGGCCCAAGTGGTGGAACAAC	119	forward	slr1462	
slr1455	iTSS	AGAATTGCGGGCTTGGCTGCGAAAATTACATGATGAAGTGCATCTAACCAGCGTGTTTGTTACCCATGACCAGGAAGAGGCTATGGAAGTGGCGGATGAAATTGTGGTGATGAGTAATGGCAAAATCGAGCAAGTGGGCACTGCAGAAGAAATTTATGAGCACCCTGCCAGTCCTTTTGTGATGGGTTTCATTGGCGAAGTTAATGTT	208	forward	slr1455	
slr1451	iTSS	ATTGCTCTGGCAACGGCGAAAAGTGGCTGCTCCCAAATTACTCACTGCCCCAGTTTCCGATTTTGACCGTTGTTTGCATTACCTGGCCCATGGCGATCGCCTGCAGAAATTAATTGCCCTGCGTCAGTTACAACAATGGCAAAATC	146	forward	slr1451	
sll1329	iTSS	AGACTATGGCGATCGCCCCTATCCCTGCATTACCGCCAGTCGCAGGGAACTTATGGAACAATTCAAACCCCTAGTCTTAGCAGCGCAGTGAAGATGACCCGGAATAGATTTTT	113	reverse	sll1329	
slr1431	iTSS	GCAATGCTATATCGAGGTTATTTGGCCTACCCCAGAGACTTGGCCCCCACTCCGCCGGACCAAATCCGCCCCGGAGCACCCCGCAC	86	forward	slr1431	
slr1429	iTSS	AAGCCAAGATCGAACAACGGCAATGGTGGGTGGATCGATGGTTAGAGCTATTAGATTCCTACCG	64	forward	slr1429	
sll1334	iTSS	AATCAACATGGTTACAGTTTCGGCTTG	27	reverse	sll1334	
sll1334	iTSS	ATATTGTATCTGCAGTAGGTATCTATAGATTGGGTGTGGGTAACCCTAATTTGGTTTCCCGGCAGATCAGTCGCAACGATGCTTACTGTACCCT	94	reverse	sll1334	
sll1334	iTSS	TTTCTGCCAACGGTAACAAC	20	reverse	sll1334	
sll1334	iTSS	AGTACTCGGTCAACAACGGCTTGCCCTCAAACTTTCCCTAGAATCGGGGCTGAAATATTGGCCCCTAGAC	70	reverse	sll1334	
sll1334	iTSS	ATTGCTTAGTTTGTTGGATGAGGGGGTAACAGATGGCACGTTACACATTCACACCTCCGCTGACCAAGACTATTTGCACTTAACTGTTTGGGTTGATTCTCCCCAGGGCCA	111	reverse	sll1334	
sll1336	iTSS	ATTCAGGGAGCAGATATGATTCTGATGCTGTCCAGCATGTTGCACTCCATTGGCGTCGGCAATATGACTCCTTCCGGCGTAAAAATGGTCTGT	93	reverse	sll1336	
sll0519	iTSS	AGATGTAGTACCCGCCAAGGCTGACCCCTGGTTGTTCACCCTTGGCCCTG	50	reverse	sll0519	
slr0554	iTSS	AAGGACAAGGCAGTCTCTTTCTCCCGGACTTTAATGGTTCCCAATTGGGGGCCATCATCGGTACCTACGACATTATTGGCATTCCCATTCTGCTGGCCCATCCCCAACGGGAGTTGTGTGCCCTGGATGAGGACTTAATCGCCCT	145	forward	slr0554	
slr0552	iTSS	AGCTTGAATAATCCCAATCCCCAGGAACGGGTCAGCGTGGCCAAACAGTACATTGAAGCGTGGCAATCCGACTTGGATACTTTCCGGGGCATTGTCCACG	100	forward	slr0552	
sll0533	iTSS	ATTGTCGGAATGGCGGTTGATGAAACCAAACTGATTCCGGTTACTTTTCCGGA	53	reverse	sll0533	
sll0535	iTSS	AAAAGTGAGAATCCTTCCATTACTAGAGATGTGTCCGGGGAAGGAGTACAGCAGGCTT	58	reverse	sll0535	
sll0895	iTSS	AAGGTCAGGGCTGTTTTCGAGAAACCAAAGCCG	33	reverse	sll0895	
sll0493	iTSS	AGCTAAGGTTTCTTCCGACACCCACGAAAAAATCCTCAAGCGCCTGGGGGTTGATTTAATTATTTTTCCCGAGCACAAAGCCGGCCAAGATTTAGCCTATACTCTCACCACCCCGGCGATCGTTGACCGGTTTAAGTTAGATCCCAACAACAGCATTGTAGAAATTCTCGT	171	reverse	sll0493	
sll0497	iTSS	GTTAGTCAAGTTTCGCCTGCGGCGCTACGATAATCCCGATTACCAAGACCCTCCCACTCAGGACTATAGCCAGGATTACCGTTCCCTAGGGCGAC	95	reverse	sll0497	
sll0502	iTSS	ATTGCCTGATTATCTGGGGGAACAATTAATTAAACTTCAGCAAAATCAACAGTTAGGAGTGTCATTAGTTAAAGGCGAAGAACGGATAGTGGTAGATTTTTCAAGTCCCAATATTGCGAAGGAAATGCATGTGGGTCATCTCCGGTCTACCATTATTGGGGATTGTTTAGCTCGGGTACTGGAATTCCGAGGCTATGATGTTTTG	205	reverse	sll0502	
sll0505	iTSS	ATTGCTAGAAACTGAATATGCCCCCCCCACGGAGCGGGAGTCCGTTACCCCCCAACTTAGCCGCCTGAGCCGTAGCCTGAGTAACCAAAGTTGGGGAATACTCAGGCGTTTGCTTT	116	reverse	sll0505	
slr0536	iTSS	AGCAAATGATTTGCCCTACCTTCTGCGGGTAGCCAGGGGCGAAGTGGTTAAACGTCCCCCCGTGTGGATGATGCGCCAAGCCGGCCGTTATATGAAAGTTTA	102	forward	slr0536	
sll0517	iTSS	GTCGTGACCTTAAAGTTAACAAAGCCAAGCCCCGGGAAAATCGCAGTGGCGGTGGTTCCTTTGGTGGCGGTC	72	reverse	sll0517	
sll0027	iTSS	TTGGCCGATGCCCTTCCAGTAAAAACCCAAATGTTGCTCTTGTTGCCCCTACTGCTCGGTTTGGGCATTAAAATTCCCAT	80	reverse	sll0027	
slr0032	iTSS	GTTAAGAAAAATCAGCCCGATAAATCCTTTTACATCCGTCCATTGGTGTACAGTTCCGGTTTGGGCATTGCCCCCCGTTTGCACAATCTGGAGAAGGATTTCCTGGTTTATGGCTTGGAAATGGGGGATTACCTCGCCGCCGACGGAGTTAGCTGC	156	forward	slr0032	
slr0031	iTSS	AACGGTGTTTCATCAGGATCTTTTGCGAACGGTGGATGTGGTGTTGGCATCTCCCCAAGCAAACCGTTATGAAGTGGTGCCCATAGCCGACCCCTCGGACAGCCAACTTCAAAATCTGGCGGGCTGGCTAGGTGAATCCTAA	142	forward	slr0031	
sll0045	iTSS	AACACCCTTTCCGTCGTCGTGGCTAACCGTCACCATGAGGAACTTTCTAATCTAGGGGAGATCGAACCGATTTATTTTTCCGAAAAACGTTACGC	95	reverse	sll0045	
sll0048	iTSS	GCAGATTTTATTCGGGAAAGGTTAGCCCTAGGCTTTGAGCAGGGAAAGATTACGGCGGATATAGGTATTGGGGAGCGTTCCCCCGAAAAAGGACTCCTCGATGCAATGGAAACGGCAAAATCAGCAGCCCATGAACAGAAAAAATTTAGGGTCAAGACGGAAGGTTAAAGTTCTTTTTCCGACTTTGCCTTGCCCTTGGCCATGGTCGA	209	reverse	sll0048	
sll0740	iTSS	CTGTGCTTGCCCCCCAATGATTGGGAGAACAATTATGAGTCCACTAAAGATAAAA	55	reverse	sll0740	
sll0745	iTSS	AGGTCATGGGGCGGGATGCGGGGCATTTGACTCTCCATGCAGGCATTGCCGGCGG	55	reverse	sll0745	
sll0779	iTSS	AACTGCAAGACCATGATGTGGCAGAAGTAACAGATCCCAATTGGGTGCCATTCCAAGGAGACCTAACTCAACAACTGCTCAACCGCGAAATTATGGCCTATACCCAAGAACGCCGCTATCAACACCGGGATGGGCGTTGGATTTGGGGT	149	reverse	sll0779	
slr0801	iTSS	AGTTGGCACAGGTCAATCGGGCTGTCAAATTGCTGAAGACCTACATCTAGCAGGTAAAACCGTCCACCTTGCCACAGGCAGCGCACCCCGTTCACCCCGCCGCTACCGAGGGAGAGATGTGGTCGAGT	128	forward	slr0801	
sll0793	iTSS	CTTAGAGCGTGTTTGAAAAGCCCCCCTGGCCCACCAAGTTTGGGGGGAAACTAAGTCAAAGTCCCCCAGTATTGGGGGATTTAGGGGGCAG	91	reverse	sll0793	
sll0794	iTSS	GCAACAACATATTCAGCCGGCTCTTGTGATCGGAATGCCGATCGGTTTTAGTCAT	55	reverse	sll0794	
slr0796	iTSS	ATGGTTGGCTAATGGCGGCGTTTGGGTTGGGAGCGACGGTGGCTTCCCTCGGTTTGGGCAACACTCAGCAACAGAGAAAACGAATCTATTTAACGACAATTGGGGCTGT	109	forward	slr0796	
slr0789	iTSS	ACTATTGGTTCAAGACCTTACACAGATGGCGGTCCTGCCCTTTAACCT	48	forward	slr0789	
slr0787	iTSS	AGTCATCGGGTGGCCGCGGATACCCGCAACCCCTGGCGATCGCCAGAACGG	51	forward	slr0787	
slr0319	iTSS	AGCAGGGCGAAATTGGATCCTACGGGCTAAAACTGGCTGGGAAGGGCGCTGGGGCTGGTGGGTAGGGTGGGTCG	74	forward	slr0319	
slr0316	iTSS	ACTGAGGAAATTCTGATGCGCTGGGGCTTAATGTCGCTGCTTGTTTGGATAGCGTGGAAAGCCTTCAAACAAGGCACTACATTGCCCAGTCAAGGAATTTACCAGGGCGCGATCGTTCTAGCTGCGTTGGTATTTGGACTACTACACTTGCCCGCGACTGCCGCGATCGTTCCCCTCACTCCACTTGTGATTATTCGGGCGTTGTTACTGAATGGGATTGTGGGAATCGCG	231	forward	slr0316	
slr0312	iTSS	GAAGATATTTATCGGGGATTGCAGGCAGGAGCAAAAGGATATCTGTTGAAAGAAACTGAACCTGACGAGCTTCTGAATGCGATTCGC	87	forward	slr0312	
ssr0511	iTSS	TTTATAAGCAGATTTTAAATGCTTCTCACTCACTGTT	37	forward	ssr0511	
slr0309	iTSS	AATGTCACATTCGTGCCCAGTAAAATGACCCCTGCAGAGCTTTTAAAAGCCCACCGAGATTTGTGGAGATCAGCCTTTAGCCTGC	85	forward	slr0309	
slr0309	iTSS	CTACATTCAGCGATATCGAAAGGGACATGAGGTTCATTTTGTCCCGCCG	49	forward	slr0309	
sll0284	iTSS	ATGTCCCAAATTGGCACCCGTATTACCTGTCTACTCAACGACGAAAAGGACATTGAAGCCATTTTTACCGGGGTGGCGGGGGGGC	85	reverse	sll0284	
slr0306	iTSS	GGGCATTTTGGCCCTGACCATTGACAGCAATGCGGTGGACTATGTCACCTACAGCGATCCCATCGCCACGGCCCGCCGCTACAT	84	forward	slr0306	
slr0302	iTSS	ATTGTGAATAGTGTCACCGCCTCTTTTGGGGTTGCTTGTTATCCCGATCACGGCGAAACGGGACAAGAAATTATACAAATAGCGGATAAAGCTTTGTATGATGCCAAACAAGCAGGCAGAAATCGGGTCATCGTCGCCCCCAAAGAGGTTTCC	153	forward	slr0302	
slr0299	iTSS	GGTATGTGTTGGATAATCCGCCGGCCATGGTCAGCGTGGCGATCGGGGG	49	forward	slr0299	
sll0092	iTSS	AATATTAAGTGATATAAAAAGAAAGAGTTTACCTGCAATAGCATCATCACTAGAATTGAAAAATGAACAGGGACTACTGC	80	reverse	sll0092	
slr0115	iTSS	AGGCAGTGGATGGCATCAAGGGGCAAGCGTTGGCGGTGCAACTACAACCGGATCTGATCATGTTGGACTTGATGTTGCCCAAAGTGGATGGATTTACGGTTTGTCAACGTTTGCGCCGGGACGAACG	127	forward	slr0115	
slr0114	iTSS	GGGGGAATTAATCCTTAGTGGCCAACATGAATCCATTTTTGTGGTTCGTGCTGATGGCGCCATAGAAGAAATAGATACCATTGATTTAGGCTTTCCCCTTGCTTTGGAGAAAGATATTACGACCTTTATTGCCCGCACCCAAATTAATTTACATTCAGGGGATGTGGTGGTGCTATAC	178	forward	slr0114	
slr0114	iTSS	ATTGTTGCGGCGGCGATTATTTTAACAGCGTTACTGTTTATTCCCCTGGGGTGGAGTTCCTGGCAAACCTATCTAATTTTTCAAAATACGGTGGCTGTGGATTTTCAACTCCAGGCTCAGGCTGGCAAAATTGTCC	136	forward	slr0114	
slr0109	iTSS	CAGGTGGCCACCAGCTTTTACTTCGATCACAGCGTTGATGTGGAACAGGTTATCCGTATTTTGTACCAGGCCGCCTACAGC	81	forward	slr0109	
slr0104	iTSS	AAGCTCCGTTCTCGGGATGAGTTGGCCCTGTTGGGGGTAGGGGTAGGGGCCACCCAGGGCATA	63	forward	slr0104	
slr0103	iTSS	AGATTAGCCAACAAGCTCTAATAACAGACCATCGCTCCACAGTGCGCGCCAACTTTTTGCCCTTAGGACAACAACTTTGGCGGAGATGGTCCGGTCGTCTTAGTGTTGGTTCCGGCCAGGAAAACCCCGCCTTGGCTGTAGCTCCCCC	148	forward	slr0103	
sll0107	iTSS	CAGCGCCGTGGCCCATGGCATCCCCATTATTCCCGGTGCCTTTTCCCCTACGGAGATTGTCCAAGCCTGGCAGAGGGGAGCCACCGCCGTCAAAGTTTTTCCCATTAAAACCTTGGGAGGAGTGGACTACATTCAAGCTCTCCAAGGTCCCCTCGGCCAAATTCCCCTTATTCCCACCGGAGGGGTAACTTTGGC	195	reverse	sll0107	
sll0108	iTSS	GTTAAGGAAACTGATTCCTTTGGTAGTGCTGTCTCCGGTGCCACTGTCCCTGAATAATTCGTCTGGGCTGGAAGGATAAAATTTATCCTTTCACCGACTGCAGGCAAATTAATTGTCATCAAACTGGCAAAAAATAGTAACTATCTTCAAGGGGGTCGGTTTTTCCGCTCCCCTTTTGTT	180	reverse	sll0108	
slr0624	iTSS	AAACAACGGAACGCCCAGAGGCGATCGCCGCTGGAACTGCCAAATTAGTGGGAACGGATCCAGCTGCGGTTACGAAGGCTGCC	83	forward	slr0624	
sll0587	iTSS	AACTTAGTTTGGGGTATTATTCCCTTTTTAATTAACGAAGAATTTGACACCTTTGAGGATTTAATCCAACAGGCGGAGGTACTACTGCGGGAT	93	reverse	sll0587	
slr0618	iTSS	AAGTGGCCGCCCCAGCAAAGAAGATATTCGCATAGTAGTACTGCGCTTGCCCCGCATT	58	forward	slr0618	
slr0617	iTSS	GGTGGCGATGGTGCTAGGGGTGGGAGGGCCAG	32	forward	slr0617	
slr0617	iTSS	GCTGACGGGGGAAGCGATCTACTGGGCCAGAGGCCTGCGGACTAAACCTGCCATTCGCCTTCTGGCCGGTAGTTTGGC	78	forward	slr0617	
ssr1038	iTSS	ATGCGGATTGTGTCACGCCAGCAGGTTAAAGCTTGTGAATTGGAGCTTGAACCATCCCTTGCCTAGGGTTAATACACTTTTTTATTGTCTCCCAGAAAGACGGAGCATTCGGCT	114	forward	ssr1038	
slr0615	iTSS	ATGGTGGCCATTGTGGGGCCTATCGGTTCCGGTAAATCTACGTTGGTTAATGTTTTACCCCGTTTGTTGGATATTGCCCCTGGTCAGGTGTTCATTGATGACTACGACATCACCCAAATTGCCCTCAGCGATTTACGCTCGGCGATCGCCTTT	153	forward	slr0615	
slr0521	iTSS	AGACAAAGCAATTTGGCGATCGGCCTAGTTGTTTATTCTAGTCCCATCAAGGAGCAGTGGAATAGCAAG	69	forward	slr0521	
slr0511	iTSS	GTTGCCATGGTTCATCTCATGCTTCAAAGGCTTGCTTAAAACTTTTCAAACACTTTCTTACAAAAAGTAGATAAAATTGCATGGTTGATATTT	93	forward	slr0511	
sll0486	iTSS	ATCATTGACGTGTTGGAACAGCCTCAACGGG	31	reverse	sll0486	
slr0092	iTSS	AAAACAACGGGGCAAGGTGG	20	forward	slr0092	
slr0088	iTSS	ATGAGTTTGGACCAAATGATGTTCCTCCGGCCTCTACCGGAAATTGCCAACTACCAAACCCCCATCAAAAATCTTTACTTAACAGGGGCGGGTACCCATCCCGGTGGCTCCAT	113	forward	slr0088	
slr0088	iTSS	ATTTATTTTGTGACCCCAGTGTTTTTTGTCCGGGGCTGGATGGCCAAGCTTTTATGAGCTACCGTTCCCTAGAAAAAACCTGTGCCCACATTGCCACCTATAGCCCCCGAGATGCGGAAAAATATCGGCAATTTGTCAATTATTGGACGGATTTGCTCAACGCTGTCCAGCCTGCTTTTAATGCTCCGCCCC	192	forward	slr0088	
slr0084	iTSS	AATCTCCACTCCGTCTGTAAGGGTTTGGAGAAAGTGGGAGGCAATCCCCTGGTAACGGACCAGGCCCACGTTATCGACGGTGCTACGGCTATTGTCCTGCCGGGGGT	107	forward	slr0084	
slr0082	iTSS	AACGCCATCAATTTGACCATGTGGGAGTGTTTACTTTTTCCCCAGAGGAAGGCACCGCCGCCTTTGATCTGCCCAATGCTGTGCCCGAAGAAGTAATGGGCGATCGCCGGGATCGGTTAATGGCTCTG	128	forward	slr0082	
slr0073	iTSS	GTGGCCATCCAAATTTGAGGGTACGACCTTGGATCAGCAAAAAATCCTCGGCTATTTTATCGAAGAAGCTCAGGAGCATTTGGAAACCCTGGAACGGGGCATCCTTGACTT	111	forward	slr0073	
slr0072	iTSS	ATAGCCGTAATTGCCCCCAAGCTCGGGTGATCGACATTGGCACTGGGGGAG	51	forward	slr0072	
slr0847	iTSS	AATTGCCAAGTTCGGTGGTAGTGTGGATCATCTTGTT	37	forward	slr0847	
slr0847	iTSS	AGAAATTGCCAAGTTCGGTGGTAGTGTGGATCATCTTGTTCCCCCCTCAATCTTGGCCGAT	61	forward	slr0847	
sll0821	iTSS	AATTAGAACAGCGCTCCGATTGGATTGCCCCGCCGGAATCCCTAAGCGCAGAAAATTTCCAATCTTTCCTGATTGTGCCCCTGGCGGCGGATCAGCAATGGGTGGGGAGCTTAATTCTGCTGCGGAAGGAGAAA	134	reverse	sll0821	
sll0821	iTSS	GAAACTAGCCTAGAAGGGGCAATCAATGTAACGGAAGCTCTCCAGGTGGAAGTGGCTAATTTGGCC	66	reverse	sll0821	
slr0844	iTSS	TGTTTTTAGCCTCACCTAGGTTGGGAGAACTAGTTAATTGGCATAGTTAATTAGCATTGTCTCCCCCCAAAAAGGGGCTAAGCTTTCCAGCCAAACCCGGTAAATATTTTTTTTATGACCATTTGGTTACTCTGCCAGATGGTTTTTTA	149	forward	slr0844	
slr0844	iTSS	TTTATTGGGCCACTGGCAGTTTTGATTTCGGGACCATTGGGGAACGCCTGGAGGGTTTAGTATCCTCCGGAGTCCTCAGCGGG	83	forward	slr0844	
slr0842	iTSS	AGGGCAGGTGGAAATCTGGACAGAACTCAATGGCGATCGCCGGGTGCTGAATGTGCTCCAACCGGGCAGTTTATTTGGGGAATTGGCCCTGGTGGATGCCAAACCTCGTTCC	112	forward	slr0842	
sll0827	iTSS	CTTCCCTAGGACAAATTCAGGGTTACACCCAGTTACAGAGTTTGCCTGGAGTAAAAAATATGCAGC	66	reverse	sll0827	
sll0833	iTSS	GGGTAAGCTCAACTTATTGGGGACAGACGAACAAGGAAGGGATCAATTTAGCCGTTT	57	reverse	sll0833	
sll0834	iTSS	CTACACAGTCATTTCCGGCTTTATGTCCGGCATTGGGATTATTTTGGTGATTTTGCAACTGGCTCCCTTTCTTGGCCAAGCTAGTCCCAAGGGAGGGGTAATCGGCACCCTCCAGGCCCTCCCTAA	126	reverse	sll0834	
slr0829	iTSS	ATGGCCATCCGGAGGGGGATCTGTGCTTAATTAGGGTGGCCCAAGCAGCTAG	52	forward	slr0829	
slr0583	iTSS	ATTCGATACCAGCCGTTACGTGGGGGCCAAATCAAAATGCTTGGGGGTGAAAAAACTCCATGGCCTAATGCCGGATTTACAACTGACCAGTTTGGATCAGGGTTTGGCC	109	forward	slr0583	
sll0539	iTSS	GTCAACGGCCACTCCTCCCGGAGC	24	reverse	sll0539	
slr0582	iTSS	ATGTTCATCCCTTCAGAGGACATTAACGCCATGGTTACTACTTCCACCGATCAAACCCGGCGATCGCCTACTTTTTTGTTGGTAACTTTACTGAGTTTGTTAACTGCGGCGTTGGTGTTCTTTCC	125	forward	slr0582	
slr0581	iTSS	AGGATCTGCCATTCAGGTTACCCTGCCGGATGGTCGCACAGTGGTTTTACCCCAAGCGGAATCGGCCTCTGGGAATAAATACAGCAATGGTTTCATCACCGTT	103	forward	slr0581	
sll0541	iTSS	ACGCCTATCAGTACTCTGCTCGCCATGGTTTGCAATGGTGGGAAGTGGATTTAACTTGGATGACCATTAAATTCCTATCTTTGCTGGGGTTAGCCAAGGATATTAAACTTCCTCCGGAAACTGCGATGGCCAACAAAGCCTAGGAAATGATTTGAACATGATTCAGACATTTTCTGATCATCACTAAGGTTTCCCCATAAGCAACCGTTTCCCTGTTGACTTCATTAAGTTCAGCGGGG	239	reverse	sll0541	
sll0542	iTSS	ACTTTGCTGGGGACGGGGCCCGCCGGGATAAAGACGGTTATTTTTGGGTCATGGGCCGGGTGGATGATGTG	71	reverse	sll0542	
slr0572	iTSS	ATAAAAAAACAAACATTGACTATTTC	26	forward	slr0572	
sll0545	iTSS	TTGTCAATTCTTACACCTTGCCAATGAAGTCTTCGGCCCATACTTCTTTACCTCCCTGGTTAACCATTGTCGGTCGGGTTCCC	83	reverse	sll0545	
sll0545	iTSS	AAGTGAACGATTTAAAGGAAATCGCCTTTGACATTGCCTTTTTAGATTTCCTCCATAAGGTAATTCCCGAGGCCATGGCCCCTTTTTGG	89	reverse	sll0545	
sll0549	iTSS	AGGGTGGGATGTATTTATATCCAGCACCAACCCGTTGTCAGGATGGCATTTATTCATGGTTAACGACCTTATTTCTCCGCAGTCTCAACAGATGGAGCGCCAACTTACAACTGTTTGGCAGTCCCTGACCCCCACCAGTTGTCCACGGTTT	151	reverse	sll0549	
sll0550	iTSS	GTGTGAAGTAGCTAGTCGGATGGAATGTAGTGATCACTGGATTGTTTACAGCCAAGTAACCAATGGTCGGGT	72	reverse	sll0550	
slr0559	iTSS	ATGAATAACCTTGTGGGAGATTTTTTCAGGATGCGTCTATTTTG	44	forward	slr0559	
slr0921	iTSS	ACACAGCAGAAAAACTTTGGGTGTGGGGCCGTAATCTTCAGCCGGCCAAGTTATTCCCCAAAGCAGCTCCGCCCTTTGACAGAGAGAAGAACCATGGATACCTCCGTTAGTGTTTTTGCTGAAATTCCCGAAGACCTGCACCAGTCCTTGACCACCTATCTG	162	forward	slr0921	
ssl1690	iTSS	GGGCAGTTTAGTGCGGGTTATCCGCGCACAATTGGAAAACAGC	43	reverse	ssl1690	
slr0918	iTSS	ATTGGGGCCGCCATTCAAAGCCACGCTGAAGCCCAGGG	38	forward	slr0918	
slr0917	iTSS	TTTCGGCGATCGCCAATTAATTCCCCCATCCTCTGGGTAGGGGCCGCCAATCCAGCCATGGCTCTGGAAATGGCCAAGC	79	forward	slr0917	
slr0917	iTSS	AGGGCCAGGGCCAGAAATTAAGTTGGAGGGGCAACGGCTAGTTAATTTTGCTAGCAATGATTATCTTGGCTTAGCTAGCCATCCCCACCT	90	forward	slr0917	
slr0909	iTSS	ATTCAGTTATGCCCGCCACCTATTTTGCGGCGTAGCTTGTCCCTAAATACTAAATGGAGCAAAAAAATTCGTCAGT	76	forward	slr0909	
slr0902	iTSS	AAAAATTAATTGCCCAGGCTCGCCAAGATTTGGTGGCAACTTGCTAC	47	forward	slr0902	
slr0900	iTSS	ACACACCCCAAGCGGTGATTAAAGCTGAGCCACTGCCAGTCAAAAACTCCGGGGAATTTATTGCCCTAGCTGGCAGTGATGGCTTTTT	88	forward	slr0900	
slr0900	iTSS	GATGGTAGCTATGGGAGAGTTTTGGCAGAATCCATTGAAGCTGACCGGGATTATCCCCCCGGCGATCGGGTGATGATGGACGGAGTTGCCTTGGCTTGGTCGGAATACCACCAGGGCCGTCGTCATTT	128	forward	slr0900	
slr0897	iTSS	ACGTTAATGCCAATACTGGGGGGACTGGGGGAGAACATCAGCATCCAGATCCTATTCCTCCCACGG	66	forward	slr0897	
slr0896	iTSS	GGCATTTATGATGACTGGGGTGGGATTAATCTCCGGGGTCAGCCCCCTAGTGGCAGAGGCCTATGGCGCTGGCCAAACCC	80	forward	slr0896	
slr0207	iTSS	AGCAGCTTTCTGTAACCATCATCCATTGCGATGCCCCCATAGAAGTTTTAACAAAACGCTTGCAGTCTCGCCGGGGTGATGTTTCCGAT	89	forward	slr0207	
slr0207	iTSS	AGCATTACGGGAGCAGCTTTCTGTAACCATCATCCATTGCGATGCCCCCATAGAAGTTTTAACAAAACGCTTGCAGTCTCGCCGGGGTGATGTTTCCGAT	100	forward	slr0207	
slr0201	iTSS	AATGCCCGCAATATCGCCTTGGCAGAACAGTTAAATTTGCCCTTATTAACCCATTGCAGTACCTGTCAGGGCGTAATTGCCCATGTGGACGAACGGCTAAAAAAAGCCCAAAAAGATGACCCAGCCTATGTGGAACAAATCAACGGTTACCTAAAAAAAGAAAGCTGTGCTCCCTATCGAGGCTCCAGCCGGGTGACCCATTTACTCTGGGCTTTGGTACAGGATTTT	228	forward	slr0201	
slr0427	iTSS	GCATCAAACGGGCGATCGCCATTGCCCGGGAACGGGCCCAAATTCTCATTTTTACTGGGGGATTAGGGCCTACCCC	76	forward	slr0427	
sll0368	iTSS	ACTATCCGGGCGGCACTCAATGCGGTGACAGAATATGGTCGTCCCCAGGTAATTCGTTTATTAACTTTGGTAGACCGGGGTCATCGAGAGTT	92	reverse	sll0368	
sll0374	iTSS	ATTCTTGGCTAATTGGATCGT	21	reverse	sll0374	
slr0423	iTSS	GACCAATCTTCGCAACGGCCAGTCTGTGGTGGTGCGTATTAATGACCGGGGGCCCTTTACTGGGGGACGGGTAATTGATCTTTCCGCCGGAGCGGCCAGGGCGATCGGTATCCATAGCAGCGGCGTGGGTAATGTTGCCCTGGACATTGT	150	forward	slr0423	
sll0375	iTSS	AAAGGTCAAGGACTGCAAACCCCGATTGAATCAGAGGTCGGTGGTGAAAACTCAGGCAAATAGATTGGTGAGTCCCAGGCAGTCCCACT	89	reverse	sll0375	
sll0377	iTSS	GCTCAAGCATTTAGCCAAATCCTTAGGCTTTTCTCGCATTAAAGTGGAGGGTAAACAAAATCTTGTCTTGGAAACGCCCATGGAGGAACCCGCTTGGAAATTATTAGCGGAAAATTTACCCAATCATCTCCAGTCCCGCTTTGTTTACAGTGCCAAAAAAGTGGTGGTGCGGGGTTT	177	reverse	sll0377	
slr0420	iTSS	GTCTGGTGATGGTGTCAATTTCGTCTTGGTGTTAACCCGTATGCTTAGCTCTATCGGTTCTAACGGCTCTAAACATAGCTTTAAAAATTATTTCCAACAACTCCGTCGTCCCTTTGCTCCCATTGGTTGTGGCCTGTTGATGGCCAGCGGTATGGTTTTTGCCCCGATCGCCGCCGTGGCT	181	forward	slr0420	
slr0416	iTSS	ATTAGTAGTTATGCCAAGATACTTCTACTACATTTGATTAAACGACAGGCGGAAAAACGCAGT	63	forward	slr0416	
slr0649	iTSS	AATTAGCGATCCCCGCCCAGGTTTTTGGCCATGGCTTTCTCACCAAAGATGGCCAAAAAATGGGT	65	forward	slr0649	
sll0606	iTSS	ATGTCGTGGCCAATGCCTTGGCCGTCGCTCCCAGCCGTGAAGGTTTACAAAAAGTTTTGACGGAACCGGAATTTGTTTCTAG	82	reverse	sll0606	
slr0643	iTSS	ATTGTGACTGCCTTGAATCTGATGCCCTTTGGTCAATTGGACGGGGGGCACATTATCCACGCCATGTTGGGACAACGGGCGGCCATTGTGACAGGGC	97	forward	slr0643	
smr0015	iTSS	AGCGTTATATTTGTTGAGGGGCTGGGGGATTATTACCTTTTTACCTGGGGGAATCTTCCTTGGCATGGCCGCCCTCACGGTCTTGGT	87	forward	smr0015	
slr0633	iTSS	ATGCCAAGGTTCCCGTGGTGGTGGATGCGGGCATTGGCACCC	42	forward	slr0633	
sll0614	iTSS	ATGGGATGGGCAATATGGCATTGAAATCGGTGAAGTGAGCTTTGATAGCCTCATAGTCCGCTTTGAGAACTTACCCACGGATTTGAAAGCCCTAGCCGAGGAAATTTACGAGTTCTGCCCCGATGTCATTGACCAGGGATTT	142	reverse	sll0614	
sll0679	iTSS	GTAAAACAGACATTGCTGACGCATCCCGCCCCATTAACAAGCAGGAAATGAAATTATGTAATGACAACCAGGTGCGGTATGTGGAATTGCCCATTGCCTTTGATGCCATTACTGTGGTCAGCAATCCCAAAAATGACTGGCTGAAAAGTTTGACTGT	157	reverse	sll0679	
sll0679	iTSS	AATCCCAAAAATGACTGGCTGAAAAGTTTGACTGTCGAAGA	41	reverse	sll0679	
sll0680	iTSS	AACTGTTGGTCTGGCAGCCTGTGGTGGCGGTGGTGGTGGTGGTGACACAGCCCAAACCGGTGGTGGTGATGCAACTACAACTACTGCCGCAG	92	reverse	sll0680	
sll0680	iTSS	GCCTACAACTTGCCTGGGGTGGAAGGGTTGAAGTTATCCCAGGAAGC	47	reverse	sll0680	
sll0683	iTSS	CGGTGCCAGGGTCAATGGCTACAAAGGCAATTTGGAAGAGTTGGCGGAAGATTCCCTCCG	60	reverse	sll0683	
sll0686	iTSS	AGCAATGGTTTGACCAGCAAAACACCGGCAATCCCCTGGTATTGCTACCTCTGGCTTTTCTGGGGGGACTGCTTGCTAGT	80	reverse	sll0686	
slr0487	iTSS	GTTGGAGGCTCGATTGGAAGCCAGTTAAAACCAATGCAGTTGCAAGCCTGACAACCCAAGCCGAGCTTATGGAGTCCTTGCTATCCCCTTTGATTGGGGAAACATTAGGCC	111	forward	slr0487	
slr0484	iTSS	AGCCAATCGTAATTTGCAGGACAAAGAAGAGCGGGAGAGACTGCTTAACTCCATCACAGGGGCGGTGCGACGTTCCCTTGAT	82	forward	slr0484	
slr0482	iTSS	AAATTGGCCAAAAAGTAGGATTTATACCACCCCAAGTCCTCTTTACTGAGCCTAGGGGTTTCC	63	forward	slr0482	
sll0462	iTSS	GTGCTTAGTTTGATGTTTTTGGCTAATCCCAGGGCTTACCGTCAGGGT	48	reverse	sll0462	
slr0469	iTSS	AAAGCGTAGATCTGTCTGGGGAAATGGGGGAGGTTTCACTTTCCCTTTCCCTAACCACGGAAGGGTGGCATTTTTT	76	forward	slr0469	
slr0468	iTSS	GGGAGTATTGACCTCGGCTTAATTATTGCCAATGTTGCATATTGTGTCAAACAGAAAGTGAAAAAACAGGTGAAGGGAAAAAAAGT	86	forward	slr0468	
slr0070	iTSS	AAGTTCAACCCCCAGGCAAAAAGCCCCAAAGCGGTTGGGATTTCATCAACGGGAACCGGAGCACCATTAGCTTC	74	forward	slr0070	
slr0063	iTSS	AGTGCAGGAAGGCTACACCACCCTAGAGGAGGTGGAACGGGTCACTTTCACCGATACCGGACTGGAGTCAGAAATGCGGGCTAAGCGCAAGAGTGCTTTAACCTGTCGTACGTGTGC	117	forward	slr0063	
slr0063	iTSS	GGACATGGACATTGCGGAGAGGCGATCGCCCCAGGATGGCAAAATTCGCCGTATTTACCAGGGCAGGAAGGTGGATTTTCGGGTTAATACCCTACCCAGCCGCTATGGGGAAAAGGTTTGTTTGCGGATTTTGGACAACTCCGCCACTCAGTTGGGCTTAGATTTTCTAAT	171	forward	slr0063	
sll0063	iTSS	AAAAGGCAGAGATTCTTGGTTGGCCGGTCAATTTTGATGGTCTTATTCCCCAAATTAACAGCCGCCTAGCGGCCGAATTACAAAACTTGGCTGG	94	reverse	sll0063	
slr0054	iTSS	CTAATCCCCGTCCACATTTGACCGTAAAGGAGCATTCCAGTTGATTCTGGTCATAGATAACTACGACAGTTTTACCTACAACCTCGTTCAGTATTTAGGCGAATTGGGGCAGAAATACGCC	121	forward	slr0054	
sll0065	iTSS	AATCCTCCAGATGTTGGCCAAGTTCG	26	reverse	sll0065	
sll0066	iTSS	ATTGCCACTGCCCTGTTGGGAATTTTGGTGGGGATTGTCCTTTGGATTGGTATTCCCCCCCTTAAT	66	reverse	sll0066	
sll0068	iTSS	ATCAAGCATGGCATCAAACTCCCCTGGCGGTGTCCGGCACCAGTATTCCTGGGAAAAGTTCTAAACAAAGATCCTTTTTCCGATACTCCCTGGCCCAAACTTTACAGGGGGAAAGTGATCCCCTCAATGGTTGTCGGATAATTTGGATTGATACTAGTCAATTTTTGAACTTGGATAATCCCAGTGTGGATATCTACGACCAAATGCTTGACCAAGATTGTCCTGAATTTGACGGAGCTAT	241	reverse	sll0068	
sll0408	iTSS	CTTGCTGGGGTACCGGCCGATCGCCAACCGGAGGCGGAAACTTTATTGGGCAGTATCAAAACCGATTTAACTGCCCTAACC	81	reverse	sll0408	
sll0415	iTSS	ATATTTAGTGACTCGCTCTTGGGAGCAGGATTTTTTCAGGGAGGAAAAAGAGCAATGGTTGTGTCAACTCCGATCGCCGCTGAGGAAAAGCCACCGATTCAGGCCAATGTGGTGGAAACTTGGGAAATTAGCAAAATCTACCGCACCGGCTTTTGGATGAATCAGAAGGTGGAGTCCCTTAAACCTTTGTCCATTGCCGTACAGCAAGGGGAAACCTTTGGTTTACTGGGTCCTAATGGAGCAGGTAAAACTACCCTGTT	260	reverse	sll0415	
sll0192	iTSS	AGGCTTGGAGTGAGTTGGCGGGAATGGAGCCTGGGGAAATATTAGTGGGATTGCCCCTAGTGGGGGAAGGC	71	reverse	sll0192	
slr0229	iTSS	GATATTTCGGATTTTGAAGAAGCTTTACCCGTCCTCAAATCCATAGGAGAAAAAATAGTCCAC	63	forward	slr0229	
sll0202	iTSS	ATTCAAGGTGTGCAGACCTACTTTGGCGCTTGCTTTGGAGCCCAGTCGGTGGTGATTACGACAGGGACTTTCCTGGGGGGCAAAATTTGGATT	93	reverse	sll0202	
sll0207	iTSS	AAAAAAACATCCAAGGCACCGTAGACGATCAAAGCAAAATCTCCGGTCGGGTAACCATTGGCCCCCACAGTCAAATTATCAACAGCGTCATCCGTGGCCCCGTGGCGATCGGCCCCAACTGTCAT	125	reverse	sll0207	
sll0207	iTSS	ATGCAGATCTTGAACATAGTGTCGTGCTCCAAGGAGCTAGCATTGTGGC	49	reverse	sll0207	
slr0016	iTSS	ATGACGACGACCAGCGCCGCGATCGCCGCTTACCCCTGGCCCCATTGGAACGGCGAGGCTATGGCTACCTGTTGGATTTTGTCGTGATTTGGTTATTCAGCAGTTTAGCTACGGGTTGGGTCCAG	125	forward	slr0016	
slr0011	iTSS	ACGTTTTTGACGGAACTCCTGGATGAAAATAAAGAACTGGTACTCAGGATCCTGGCGGTAAGGGAAGACATTGCCGAATCAGTGTTAGATTTTTTGCCCGGTATGACCCGGAATAGCTTAGCGGAATCTAACATCGCCCA	140	forward	slr0011	
slr0007	iTSS	AAAAGCAAGCCGGAGCCGGCGTGATTAATAGTGGGGTTTATCTCCTTGGCGATCGCCTGTTGGCCCGGTTTCCCGCCCACAGACCCTTAAGTTTTGAGTATGATG	105	forward	slr0007	
sll0021	iTSS	GACGGAAGCGACGGATCCCCAAGGGGAATTATTAATGGCGATCGCCAAAACAGCCATTGACAATGCCGTGGT	72	reverse	sll0021	
sll0309	iTSS	GTTAATGCATTACAAGGTCTAAGCCGGGTAGCTTACCAACAAACCTATGCCCATTCCCGCCGTCCTTGGGATGGCATCTTTGGCAATCGTCCTTTTTTCCAAGTCAGCGTTGAAGTTAAACCGGAGGCGGAACCGGAATTTCGGGCCTGGTACGAAGAAAGCTATTTACCTAAAATTATGGCGGATGTGCCTACCTGGGCCGCTTGCCGTCGTTATACCAGCTTT	225	reverse	sll0309	
sll0314	iTSS	GTTGGTTTTCCTCACCCGTTTTACTCCGATGAATTTAATTCGTAATCGTTGGGCCCAAATTTTTACCCAATCTATATTAGGAGTCCTAATAGCTGGTGGTACTGCCTGGGCAGGGGATCCCTTTCGCCCTAACAATCCCCA	141	reverse	sll0314	
sll0320	iTSS	ATGTACGTTATTTGATTCCCCTGCGCCATAAGTTAGAAAAAATGCTGGCCAGGGAGGATCGTTTACGGTTAGCCCAAAGGTGTTTCGAGTGTTTACCGGTGATGGTAACCCTTGATTTG	119	reverse	sll0320	
slr0783	iTSS	ATGGCGGTTCGGTCAATGCCAACAATGTGGATGAAATTATGGCCCAACCGGAAATTGATGGAGCCTTGGTGGGAGGAGCTAGTCTGGAACCCCAGAGCTTTGCCCGCATTGTTAAT	116	forward	slr0783	
slr0782	iTSS	ACAGCATTCGGCCATTGGTATTTTTCCTATATGTGTCGTGCTGTGGGG	48	forward	slr0782	
sll0751	iTSS	AGTGAAGTGGTTTTACCCCAGGAGGTTAACTATAAACCCCTGGATAAGGACTGTAATCCGGAAGTGATTATCTGCAACGGTTCCATCCTGATGGGGCAGGATGCGTTGGATGTTAAT	117	reverse	sll0751	
smr0001	iTSS	AGTGTTGCTTACATTCTGGTGCTGACCATGGCCCTTGCGGTCCTTTTCTTTGCGATCGCCTTTCGGGAACCCCCCCGCATCGAAAAATAGTCCAATTAAAGGGTCTTTTTTC	112	forward	smr0001	
slr0779	iTSS	AGTTGGTCTAATCCAAGGTCAGTTATGGTCGGAAGTGCCCCTACTCTGGAGGGTTAATCCCCAGGTGGTAGTGGCGGTGTTGACCAGTTGGTCTTTGTTTGAATTGTTTGGCTCAAAAAAGTTGCTGGGCCAGAGAGTTCTACAAATTGTGCAATTGTTGTTCACTCCCCTAGTGGGGGCAATGATGGCCATCACTGTCGCT	202	forward	slr0779	
sll0759	iTSS	ACAAGCCATTACCTGGAGGAAATTGATGCCCTAGCCGATCGCCTAGCCATCATTGACCAGGGCACAGTTATCGCCACCGGCACCCCCACGGAACTAAAAGACCGGGTAGGGGGGGACA	118	reverse	sll0759	
sll0760	iTSS	AATCCAACCTTTGCTCAAACGTCGCTTTTTGTGATTTTGTCTGTTGATCATAGCTGATCGTATTTGTTCAACAACCGTATCTCGGCAACATTGAGCTGTAAAGT	104	reverse	sll0760	
sll0766	iTSS	AAACGGGTGTTCCAGAGTCGTCCCTTGGAAAAAATGGTGGTGGATAGTCCCGAAGCGGCGGCGATCGCCTTGAGCCAGGATTTGATGTGGCAGACCCAGGAACATTTTGCCATTGTCATGCTAGACGTAAAAAACCGTTTGCTGGCGACCAAAGTGATTACCATTGGCACCGCCACAGAGACCCTAATTCACCCC	195	reverse	sll0766	
slr0776	iTSS	ACGTGACCCTCGGCGATCGGGTGTGCATCCACGGCAATGTGGTGATTTACCCCGGT	56	forward	slr0776	
slr0772	iTSS	AACACAGAAAAGTTTGCCCGAGAGCGGGGCCTATCGGAAATCACCCTGGAGGTTATGTATGCCGCCAAGGAAGCCGTGGGAGCTTAAGGGTCTGTGGGCCAAAATTCTAGTTGCTTACTCAACCCTCAAATTTCCCCATCAAACCTTGGTGGGGATTGGC	160	forward	slr0772	
sll0329	iTSS	AATGGTCAAAGCTGGGGGACCCGTGGATGCAGTGATCAATGAGTTGAAGCCCCTGTTGGAAGAAGGGGACATGATCATTGATGGT	85	reverse	sll0329	
slr0381	iTSS	AAGGGAGGGAAAGTGGTGCGGG	22	forward	slr0381	
slr0380	iTSS	ATCCTCCCGTTGATCTTTTAGTGCTCAGCGCTTGCACCACTGCCTTGGGTAATACTCAGGCGGAATTGGGGTTTGTGGGCCTGGCTCTGCAATCTGGGGTCAAATCAGCCCTGGGTAGTTTGTGGC	126	forward	slr0380	
slr0379	iTSS	ACAGAGGCCGACTGGGAATTTGTTCAACGCTTAAATCAATCTTTTCCCCAGCCTGACTGGGTAATTTACCTAGACCTCCCGGTGGATTTGGCCCTACAACGCCTTGGCGATCGCCAGCAACTGGAGGACCAAGCCCCGAGGG	142	forward	slr0379	
slr0366	iTSS	AACCAAGGTCCTGATGGCAGCGATAGTGCCGTATTAA	37	forward	slr0366	
slr0359	iTSS	GATAGTTTGGGGCACAGTTGTGGGGATTTACTGCTCCAGGGCATTGCCCATCGTCTGCGCCAATGTTTGCGGCCAGAAGATACGTTAGCGCGTTTGGGGGGGGATGAATTCACCATGTTGATTGAAAACATCACCTGTCCCGAAGACGT	149	forward	slr0359	
slr0359	iTSS	CTCGTTTCAAGTTTCCCCCGATGCCATGGTGGGTTGCTAAACAAAGAAGCTTGGGGGGATTATCCCTGACTCCTAGTTTGTGGGAATTGGAACGGGACAACCAAGAACGTAAACCCACCGCCAC	124	forward	slr0359	
slr0359	iTSS	ATCCCCGGGGATGTTGTGACTCCGGGGACGCCTTTTT	37	forward	slr0359	
slr0359	iTSS	ATGATCCCCGGGGATGTTGTGACTCCGGGGACGCCTTTTTTCGCTCAGATGCCTTGGATGAACATTTGGT	70	forward	slr0359	
slr0186	iTSS	AATCAGATTGTGCAATTGCCCAATGAGCTGCTGGAATATTCCGTCACCTCCGTCACCGAAGGCATTGATGCGTTGGGTAAAGTGAGTGTGCGTCTGCGCCATAACGGGGTGATCTACACCGGCTATGCGGCCAACACGGATATCATTGTCGCCTCGGCCCGGGCCTATCTGGGGGCATTAAACCGTCTTTATGCTGCCCTGGAGAAATCCCGG	213	forward	slr0186	
sll0163	iTSS	AGTTTACGGGGCATGTTATCCTGATCACCGGCTTGACGG	39	reverse	sll0163	
sll0167	iTSS	CCCATACTGGTCAATGGCAAAATCAATAGCAATCAGTACAATGTCATTGGTACTTTTCTCTGGACTGCGGAAGATGGCATTGTTGACGAAACTTTAACGGAGGCCACAGGGAACTGTCGGGCCACCCCAGCCCAGGTGGTTTGTCAGGCTACCATTGACAACACCATGAAGGTGGAAGCGGTGGTGGATTTCTAGTTTGTTTAGGTTAATTTTTGAGCACCATTGAGCTTATTCCCTCT	239	reverse	sll0167	
sll0169	iTSS	AAACGGAAGTTGTTCTGGCGGCGATCGACCAGGGAGATCCGAAAATAGTAGCTGG	55	reverse	sll0169	
sll0170	iTSS	ATCTGCCCTGGATGAAATCGTTCTTGTTGGCGGTTCCACCCGGATTCCCGCCGTGCAAGAAGTGGTAAAGAAAATTCTTGGCAAAGATCCCAACCAAGGAGTTAACCCCGATGAAGTAGTGGCCGTCGGAGCTGCTATCCAAGGGGGTGTACTTTCTGGGGAAGTCAAAGACATTCTGCTCCTGGATGTTTCTCCCCTCTCCTTGGGCGTAGAAACCCTAGGGGGCGTCATGACCAAAAT	240	reverse	sll0170	
sll0170	iTSS	GGAAGGTTTAATCAAAGACCTGAAGGAAGCTGTAGCCCAGGAAGATGATGCCAAAATCCAAACGGTGATGCCGGAACTACAACAGGTTCTCTACAGCATTGGTTCCAATATGTACCAACAGGCTGGAGCAGAGGCTGGGGTAGGCGCTCCCGGTGCTGGCCCTGAAGCGGGAACTAGCAGTGGCGGTGGCGATGATGTCATCGATGCGGAATTCTCT	217	reverse	sll0170	
sll0174	iTSS	AGGATTTTATCAACATCTTTTATGATTATTCATCAGGCCATGGCCACAGG	50	reverse	sll0174	
ssl0312	iTSS	GTAACTTAGAACAAATTGAAAGACAAGTTAAACAGCTAAGTCCCTCGGATTTCGCCAAATTCCGCGT	67	reverse	ssl0312	
ssl0312	iTSS	CTTAGCGGAAAAGGCATTGGCAGACCATAACGCTGGTCGGACAAAAGTGCTTTGAACCACCACACTAACTCTGATTTCTGGTTTTGTTATCGGCATCTGCCAGAAGAAATTCAGAGACGGGCAGATAAGGCTTATCAATTACT	143	reverse	ssl0312	
slr0169	iTSS	AACGGCTCTACGGTTTGTTGGAAATCCATGCCAGTAATCAGGGGGAAGTGCGGGCGGCAGGGCAAGCGATTTTGGCATATATCGGTGCCAAAGCCAGTGACTGCATCAAGCCCAAGGTGGTGTCTAGTCAAATTATTCGCAACATCGATGCCTATCAAACCCAGTTAATTAACCGTAATCGGCGGGGCCATATGCTGTTGGCGGGGCAAACCCTGTTTGTATTGGAAGTGCAACCGGCGG	240	forward	slr0169	
ssl0318	iTSS	AAAGCTAATGGATCAACCCACAAAAGCACCGCCCCATCT	39	reverse	ssl0318	
slr0331	iTSS	ATGGTATTCCCTGGCGGTGGGGCTAGTAGACTTTGCCCT	39	forward	slr0331	
sll0298	iTSS	AATCTTCCCCACTCCTTACCCCCCTCAAGCACCT	34	reverse	sll0298	
slr0327	iTSS	GGCGTAAAAATTGGTCTTCTGCTGAGTGGTACCATTGCCATCCTGGTCTACGCCTATCTGGTCAGGTTTTTGGCTGTGGC	80	forward	slr0327	
slr0326	iTSS	GTTCTTGTCCGTCGAAGAG	19	forward	slr0326	
slr0323	iTSS	TGCATCGGGGCTGTTTTACTGTTCATGCTGACCAAAAACTTTATAATCGCCAGTGTGAACATTTAC	66	forward	slr0323	
sll0306	iTSS	GCATCTCAACATCAGCCGGGAAAGGGTCCG	30	reverse	sll0306	
slr0320	iTSS	AATAAACCGGGGATTGCGGAGGGCAAAGCGTTATTGCAGTGATCCCCAAATCATTGTCGGGGGCGG	66	forward	slr0320	
sll0944	iTSS	GTTGTGTTCCCTGGTCAACGGTTAGTATTTGAGGCAGTGCCCAGCGCTCAGTTAGAAATTCATACTGGCATGATGGCCAGCTCGATTATTTC	92	reverse	sll0944	
slr0993	iTSS	ACTAAACAGGAGGGTACTGTGCCCCTGGGCGAAGGATACCGTCGGGTTCGCCGCTCTGCTGCAATGGTGGGTTTAGCCGTTTCCATGGGAGCAACGAGTATGTTGTTTTCCCAAACCGCCA	121	forward	slr0993	
sll1841	iTSS	GAATGCCCAGTCTTTGACTATGTAATTCTTTGCAAACTAAGTCAGTTTGTTTGGAAAAGTCCCCCAACTCGTTCGGTTTTGGGGGATTTCCTT	93	reverse	sll1841	
slr1942	iTSS	TCCGGGGCAACGGGTACTGGTAAAACCCTGATGGTGACGGAG	42	forward	slr1942	
slr1940	iTSS	GGGTTTTTGCATTGTAAGGAGAATT	25	forward	slr1940	
slr1939	iTSS	ACAAATGGCCCGGACTTCCCAGCCGGCGATCGCCAAGATATTGATCACCCCGTTGGTGTGGATTTGCTT	69	forward	slr1939	
slr1939	iTSS	ATATCAGTCGGCGATCGAGGCTTTAGAAATGGTTTGCCGCCGGGTGCCCCAGCAGGAATCCCCCGAATTTCTCAAAGCTCAGATGGCC	88	forward	slr1939	
slr1934	iTSS	ATGCGCCAGGATGAGGATTACGTTTGCAGTACCTATCGAGACCATGTTCATGCCCTCAGTGCGGGAGTTCCAGCTCGGGAAGTAATGGCGGAACTGTTTGGTAAGGAAACCGGTTGCAGTCGGGGTCGGGGTGGTTCTATGCACCTATTTTCCTCGGCCCATAATCTCCTGGGGGGCTTTGCGTTCATCGGGG	193	forward	slr1934	
sll1861	iTSS	GTTGCCATGCTCCATCTCATACTCCGAAGGCTTTGCCTCGAACTTTTCAAACATATT	57	reverse	sll1861	
sll1862	iTSS	ATTGCAAGGAAATTACTTGCTGTCGTTAGATGGAGGGTTATCAATGGATAACCAGAATGTAGCTTTGGCAAAAGAAACCAATGCTAAAAATAGTCATGGCCAACATTTCAGTGATGGGAGCGACCTAATTCCCTCTGAAGTTGCCGCC	148	reverse	sll1862	
slr1930	iTSS	ATGTCTGGCATGATTGGTGTAATGAGAGCAGGGGTTTACGAAGGAGATCCAGAAACAGCTAT	62	forward	slr1930	
slr1930	iTSS	ATGGTTATTCAGTCATCTTTTTCTCCCACAGTAAGTTATTGTTTGGCCATGTCTGGCATGATTGGTGTAATGAGAGCAGGGGTTTACGAAGGAGATCCAGAAACAGCTATTG	112	forward	slr1930	
slr1930	iTSS	AATTTTGGCCAGCGTGGCATTTCCCTCACTCATGGGCATAAAGGCTAAAATGGATACTAGGGGTGAATTTTCTGAGGTGGTACAGACTCTCCGACAGGCTCAACGTAATGCAGTCAAAATGGGTAGAGAATGTAGATTGATTATGGATACCACCAACACCCCACACCGCCTACAA	175	forward	slr1930	
sll1865	iTSS	AAAAGGCCCTAGCCATTCTCAAAGCTAAGTTATTAATTGTCCTAGAAGAGCAACGGGCCCAGGCGATCGCCGAAATTCGAGGGGACATGGTGGAAGCGGCCTGGGGCACCCAAAT	115	reverse	sll1865	
slr1923	iTSS	ATGAAGACGGCTCGACGGAATTGGTCCCCTTCTTTGGCTTAAAAACAAATCAATTGAAGGAGGTTTTTGCCCCTTCTTGCATGAGTTGTTTTGATTACGTCAACGGTTT	109	forward	slr1923	
slr0163	iTSS	GATTGCCGGTATGGTCGGGACAATTTTGCTTTCCATGTATCTACCCATGTTTGCCATCTTTGATCAGTTAGGTTAATTCAATTTTTGCCGCTGTAGTTGTGAAGAGAGTAGGGCGTCACAAAAAAAGTATTAGCGCTCTGCTTTCTTCTGA	151	forward	slr0163	
slr0163	iTSS	AGTCCAATGGCCGTCATCCCCGTAATTGTTATTGTGGTTGCCGTTTTT	48	forward	slr0163	
sll0145	iTSS	GTTAGCTGAACTCAAGGACCACATGCAAAAAAGTGTTGAAGCGACCCAGAGATCCTTCAATACCATCCGCACCGGCCGGGCCAATGCCTCCCTGCTAGACCGGATTACTGTGGAGT	116	reverse	sll0145	
sll0149	iTSS	CTCCCCGATGGTTCATTACCAAGCCAGTGAATTTCGGCAAAAGGGGGATGGCATGCCAGTGT	62	reverse	sll0149	
slr0151	iTSS	CAGTGGAAGACCTAGAGCTAGAGCCGACCCCGGTAATGCCCCCGGCGGAGGGAGTTGGCCATGAGGCCTATATTGCCG	78	forward	slr0151	
slr0151	iTSS	AATGAGCAAACAGTAACTTCCCCAGAAAATGGATCCTCAGCCACCGGCTACAACTCCGGGATCTGGGATGGGCTGTCGGTGGTGGCCTTAATCGGTGGGGCGATCGCCAGTGTGGTCTT	119	forward	slr0151	
slr0151	iTSS	AATCAAGTTAATGAGCAAACAGTAACTTCCCCAGAAAATGGATCCTCAGCCACCGGCTACAACTCCGGGATCTGGGATGGGCTGTCGGTGGTGGCCTTAATCGGTGGGGCGATCGCCAGTGTGGTCTT	128	forward	slr0151	
slr0408	iTSS	ATTGCTTTGTACAAAGTCGACAGTCTGACTGGGGGATTGGACCTTAATGGCGATCGCCAAATTGATCTC	69	forward	slr0408	
slr0408	iTSS	AGTTATATCCTCTACCTTGACGGTAACCAAACGATTCAAATGGGGGGAGGTGATTGGCAAGCC	63	forward	slr0408	
slr0407	iTSS	GTTGGGTAGTGGCCTTTGAGCCGGACTGGGAAACGTTGGTCATCGATTCTGACCAGCGGGGCGTAACCCGTGCAATTACCAATTTTTGGTGTGATAACTTTCCTTCTGGCTG	112	forward	slr0407	
ssr0663	iTSS	ATATTGTTGCTGTTAACCCTCTCAAAAACTACAAGCTTTATTTACGCTTTGAAGATAATCAAGATGGAATAGTTGATATTCAAAAACAAATTGAATTTACAGGTGTATTTGAGCCACTTAAAGACCTTGAATATTTTGCTCAAGTC	146	forward	ssr0663	
sll0258	iTSS	AAGACGACATCTTTGATGTGGCTGGTTACACCCTCATTGCTCCCAAATTAGATGAACGGTGGGGTGGCACCATCTAC	77	reverse	sll0258	
sll0260	iTSS	GTGCCTAGGTTTTGTCCGGGTCAAAGACATTCTCAATAGCCAGTGGTCAGGACAAAAAATCAACCTGGAGGAAATTGTTCAGCCGCCCCTATTTGTGGCGGAAAATACCCGCTCTCTCCATGTGTTGGAAATGTTCCGGGCTTCCGGTACCCACCTGGCCCTAATTACGGATGAA	175	reverse	sll0260	
sll0268	iTSS	AAATTCTTTTTACGGGGGAACATGGCCAGCAATAACAAAGGTGGCGCTCTGTTGGC	56	reverse	sll0268	
sll0270	iTSS	AACCGCCGGGGCCATAGCACCTTTGTCTCCTGTCGCAGTTGCGGTTATGTGTTGGAATGTCCCAACTGTGACGTTTC	77	reverse	sll0270	
sll0273	iTSS	ACTGACACCGTTTCCGTCATTGCCGCTTTTCGGAGTGTGCCAGTTCCCCGCC	52	reverse	sll0273	
slr0447	iTSS	CAGCTAAATTGGCCTAGTTTTTACTAGTTTTTAACCGAGTAAAGAACTAAAACACTGCTCACTGATTGTTTGATGGTTTGAATTATTACGGCCATTGGCCCCATTGATTTCCCTAGAACGGAATTTGAAGGGGCCAGTGGTTTTTT	146	forward	slr0447	
slr0447	iTSS	AATAAGTTCTTCCTGGTGGGTTCCGATTACGTTTTCCCCCGCACTGCTAACACCATCATTAAAGAGCAGTTGAAAGCCAAAGGTGGCGAAACCCTTGGGGAAGATTACCTACCCCTGGGTAACACCGAAGTT	132	forward	slr0447	
sll0419	iTSS	TCCCCTACTTTCTATTGCTTTGGAGTGGACCACTTCCGGCAATAGCCAAGCTTTGGTGGATGTGCTGGCCCGCTGGTTTGTGTTTTGGGGGGTGGGGGTGAGGCTAT	107	reverse	sll0419	
slr0445	iTSS	ATATTGCATTTATGCCACCCAGAGCAGGGTCTGTCCCCATGACCATCACCAGTTCTGCGCCGATCCCTACCCAAGACCAAACCCTTGTGCTGCCCGGTCACCACAGTTGGGAGGCTTTTAAAGCCATTCAAGCGGTCATGGAACAACAGCCAGGGCTACGCATTACCTATCTAGATGGAGTAATTGAGTTCATGACCCTGGGGGAGTAC	209	forward	slr0445	
sll0423	iTSS	AACTGTCTCCCCGACGCATTGTGCTGACTCGCCAGGGTAATAGTCAATTTTCCTACCGTCATTTTTGGGAACAGGGAGTTTATGGCATTAGCCGCTATTGGCTCAATG	108	reverse	sll0423	
sll0427	iTSS	GAGCAACCCTCTGACACTGATTTGGGTGCTAAAGAACCCCTTGATGTTAAAGTCCGGGGCATTTTCTACGGTCGAGTGGACACCGATGTTTAATTTTTTGTTGTGGTAGCTGACTGGCTTTTTAGTTAGTTACTTTGACGAGCTGAACAGTTTGGCGATCGCCGTTAAGGTGGTCGTCTTTTT	183	reverse	sll0427	
ssr0761	iTSS	AGTATGTAGTGATCATGTTCCAACAATTATCACCAGGGATACCCAACCATCTGTCGTCATGATTTCCCTGGAA	73	forward	ssr0761	
slr0442	iTSS	CTTAACTCAATACAGAACGCTGCTGGGGGATTTGCCGCTGTAAGGGCATCTACCCCAATGCC	62	forward	slr0442	
slr1649	iTSS	ATGGACCGGCACTAGCTTTAAAGGGGAAGTGCAACCGGGACGGCAATGCCGAGTGATGCGGGACGGCAAGGAAACCTATCTGGAAAATAG	90	forward	slr1649	
slr1648	iTSS	ATGTGGCCTATGCCGATGCTCTGGGTTGGGATG	33	forward	slr1648	
slr1646	iTSS	ATCAACACCAGTGGGCCACCCCATGCCCAGGAATTTACCTTTACCGTCAAAGTAGCGGGAAAAATCCATGGCCAAGGCTCTGGCCCCAGTAAGCAAATTGCCACC	105	forward	slr1646	
slr1641	iTSS	ATGAAGAAATGCGGAGCCGAGTTATGGATGTAATGCGGGAAAACTTCCGCCCAGAATTTCTCAATCGGGTGGA	73	forward	slr1641	
slr1641	iTSS	AGCGGAGTTACAGTATGGCAAATTAACTGATTTACAGCGGCAAGTGGAAGCTTTGGAAACCCAA	64	forward	slr1641	
slr1641	iTSS	GTCATTGGCCGGGATGAAGAAGTGCGGCGCACCATTCAGATCCTTTCCCGCCGCAC	56	forward	slr1641	
sll1527	iTSS	CGTTTTGACCAGAAATTTCAAGAAACGTTAGAGCGAGTGATTGATGGGGCAGATGCGGTGTTGCTGGAATATCCCTTTTGGGCGGCGATCGCCGGGCCCATTTGTCGC	108	reverse	sll1527	
sll1528	iTSS	AGTAGCTTTGGAATCCTTGTTTTCCGGTTGTCCCACTGTAGTTGGCGGTGGAGCTGGGGTATGTCGTTTACTCAAAGAAGACTTTCCCGATGTTCCTTTC	100	reverse	sll1528	
sll1528	iTSS	AACGGCGATCGCCACGAGAAGTGGAAAATTTACT	34	reverse	sll1528	
sll1530	iTSS	GTTAAAGTTAATGACAAAGTGATATTTCGCTACCATGC	38	reverse	sll1530	
slr1639	iTSS	ATGATCCCCGTCGTACCCGGCGTTTGCTAATGCATAACTGGGAAATTCGGAAATTAATTGGTCAAGTTGAGCAAAAAGGCCTAACTTTAGTGCCGTTGAAAATGTATTTCAAGGGTAGTTGGGTAAAA	128	forward	slr1639	
slr1636	iTSS	AATCACAATTGGCGGGGAGCAGTGACTTTACTGGGGGAGGGTATCCGCCGCTTGAAGGGTTTTCGCCCTGACCATCGGGAAGTGGATATAGAGAGTTTATTTCGGTCCAGCGTTTTGCTGTTAGAGAATCTACAAACTATTACGCCAGAAAATCTCCCCCAATGGTTAG	169	forward	slr1636	
sll1533	iTSS	ATGGTGGACTACATCAACAAGGAGCATGCCAAACACATCATTTCCATTGAAGATCCGATTGAATTTGTACACCAAAGTCGTCGTTCCTTGATCCGCCAAAGGGAAGTGGGCATGCACAC	119	reverse	sll1533	
sll1533	iTSS	ATCAACAAGGAGCATGCCAAACACATCATTTCCATTGAAGATCCGATTGAATTTGTACACCAAAGTCGTCGTTCCTTGATCCGCCAAAGGGAAGTGGGCATGCACACC	108	reverse	sll1533	
sll1534	iTSS	AAGCTGATTGTCCAGGCTTTTAACCAGTTGCAATTGCCCCTAGTGGTGATTGGCGATGGTCCTGATTTACCGCTCCTGCAGGAATTGGCTCAACCCAACGTGCAGATCCTTGGGCCCCAACCCAATGCCGTAGTGGAGGATTACATGGCTAGGGCCAAAGCCTTTGT	167	reverse	sll1534	
sll1534	iTSS	AGAGAACTGTTTCCTGCAAGCAAACCGTTTTTCTTCTAAAATATTTCAAACGTCGTATCTGGCGTTGCTGGAAAAATACTGTCATCAAGCCCCTCGTCGGACTTAGTGGCGGTGGGAGTCCTCAGTTATT	130	reverse	sll1534	
sll1534	iTSS	GTCGTATCTGGCGTTGCTGGAAAAATACTGTCATCAAGCCCCTCGTCGGACTTAGTGGCGGTGGGAGTCCTCAGTTATTTAGCAAAGAATCGTAACAA	98	reverse	sll1534	
slr1624	iTSS	AATTGTCGGCCAAGCTATTGGTCCCATGTGACCACTGTGCTGACGATATGTCTGCTGGCGATCGCCATGGGTTTAGGGGGTTGTCAATCTTTATCGGCATCGTCCCCGCCCCCCTT	116	forward	slr1624	
slr0953	iTSS	GATCGCCCATTTCGATTTTTTGAGCTGATATTTTAGTTAACAATTCCGAATGGGCAAGCAAAGTAAGCTACAATTTGACATTGTTCAATTTTGAGTACAGGGTGTAAAGCCGAGGAGGGCGTTATTGCTGAGCCACTAAACTTGACGGTCAGTTTGCGCGGGACATTAGAAGTCAAGGAAAAGTTACAAATCTTCCGTCTGACGGGTTTGTTGGACGCATTTTCCGAGC	229	forward	slr0953	
sll0909	iTSS	AAACGGAGCTTTTTGAGTTAATGGAGCAAGTAGAGCAAGC	40	reverse	sll0909	
slr0950	iTSS	AACGAAGGTTTACGGCGTGGATGTGGGTTACGGCCAGGTGGCTTGGAAATTGCGTCAGG	59	forward	slr0950	
slr0949	iTSS	ATGGCCTGATGACCACCCTGAAACCGAATATGGGGTGGTTTTTG	44	forward	slr0949	
slr0946	iTSS	GTGGCTGTGGGGTTAATCTGCCGCCGGAATGGGTAACCCAGGAAATTTTTGAAGACTGGCAACTGGAAGATCCCGATGGTCAATCATTGGAAGTTTTTCGCACCGTGCGGGGCCAGGTTAAG	122	forward	slr0946	
slr0936	iTSS	ACCGACACCATGGCCACTGCCGTCAAATTAATCCGCCAAGCTAATCCCCTGATCCGCATTGAAGCTTCCGGCAACGTTACCCT	83	forward	slr0936	
slr1694	iTSS	AAAGAAATAATCCGGCCAATGGCATTACCGGACTGCTCTGCTACAGCAAGCCGGCTTTT	59	forward	slr1694	
slr1694	iTSS	TTCCCAAAGAAATAATCCGGCCAATGGCATTACCGGACTGCTCTGCTACAGCAAGCCGGCTTTTCTGC	68	forward	slr1694	
ssr2831	iTSS	ACTGAGTCCTACTGGTACGGTGATGTTGGCACGGTTGCT	39	forward	ssr2831	
sll1558	iTSS	AAAACCGGAGCGGCGATCGATGTGCAGGCAGCGGCGTTGGACTGGCTCATCACCGATGCTCGCCATGCCGCTGTGCAAT	79	reverse	sll1558	
slr1682	iTSS	AATATTAAGTGATATAAAAAGAAAGAGTTTACCTGCAATAGCATCATCACTAGGATTGAAAAATGAACAGGGACTACTGC	80	forward	slr1682	
sll1561	iTSS	AAATTCTTATTGCAGCGGGGGTTCCCCCTGGGGTCTTCC	39	reverse	sll1561	
sll1561	iTSS	ACCACGCCATGTAACGGAGAATATTCAACGGCAAGGATTTGCACCAATTGAGGGGGCAGATCAGTAAATAAGTAAATGAATAAGAAAGGCAAAATTGTACAGGGTTCTTGAGTCATCGGGGTCCTGCTTCAAATTATTACGTATTATAGGGTGTTAGTTGGTTGATTGAAGTTCTCTTTAGTCGCCACTACTACATCG	198	reverse	sll1561	
ssr2802	iTSS	ATCGGGAATGTATGTCTGCTTAGCGTTTGCGGTGGTGGTCCATTTGGAGCTAGAG	55	forward	ssr2802	
slr1674	iTSS	AAGCTTTTAAAAGTAGCAGCAACAGCAACGAGAATACCGAATACTAACACCGAGTTCTATGAGGTGGGATCTGTCCAGATCAAAGCCTCTGCAGGCACCCTAAAGAATAGCTAGATTTTGCTTCTAAGTTTTGGTTTTCCGCCGCATTGTTCT	153	forward	slr1674	
slr1672	iTSS	AATTGAATCAGCGGCGGCCAGTGAAAGCCTAGCCCGCAGTGTGGATAGCAATGGCGGCGTTTACT	65	forward	slr1672	
slr1672	iTSS	GAGTTAACCCAGTTCTATCCCAAGGCTGGCTGGGTGGAGCACGATGCCCT	50	forward	slr1672	
slr1670	iTSS	AAAAATGCAGAGGGAACGGGCGGATTTAGATTATTTACGGCGATCGGCTGCCCTGAACCATTGCCAAGAAA	71	forward	slr1670	
ssl3076	iTSS	AAGTAACTACTTTTTCCATAGTCCAGGGGCGGCTTTCCAAAAACCAGAGATTGGTGGCTTGCCGCTGCTGTTCTCCTCT	79	reverse	ssl3076	
slr1174	iTSS	ATGGGAGCGTAGGGCCAGGGCCCTTTGCCTGGTTTCAGGTTACTATTCTCAATTGACCCACTAAAGTGACCCCAATGCTGGGGGATTTTTTTCTAGCTTCTCCCCCGACTTGGGATTC	118	forward	slr1174	
slr1168	iTSS	ATCAAGAAGAAGTTGATCAACAGATTCAAGAACAGTGGCAGTCAATCCAGGAAGCAGATTCTCAACCAAAATCACCTTTTTACTCCCGTCTGAGAAGCAGAGGTATTTTATAAGTGACG	119	forward	slr1168	
slr1163	iTSS	TTTAAAAGCTTTAACTCCAGGAGAATTAGGGGACTGGCAAGAAGAGGCTGTGCATTATGCCCAGATATTACAGATAAACAATTTTGACCCAGACCATGATCACCATCATGAACCCCATCAATCCGTAGTCGCTATCAGTGGCAACCCCGCCGCCTCTAACATGTTAGTGGGTACAGGACAACTAGGTCAATGGTTAGGGTTAGACGAAAACAGTCCCCTTCGTTTAGGGGGCATTTTTA	239	forward	slr1163	
slr1159	iTSS	GCTGGCACAGAATTAAAGGAAGGCAAAGTTTTGACCAATGGAGGCCGGGTATTGGGAGTCACCGCCCTAGGAAAAGACTTATCCACGGCGATCGCCACTGCCTATCGGGGA	111	forward	slr1159	
sll1098	iTSS	AGAAATTCTGGTGGACCGCATGCTACGGGAATTTAAGGTGGAGGCCAATGTGGGTGCTCCCCAAGTAGCCTATCGGGAAACCATCCGTAAGGCAGTACAGGC	102	reverse	sll1098	
sll1103	iTSS	AGGGCCAATGATGTTTGTGGGGGCATTGGTCTTCCTGGGCTGTGGCTATCCCGTTGCCTTTTCCCTGGGGGGAGTGGCGATTTTATTTGCCATCATCGGCGCGGCTTTAGGTTCCTTTGACCCCATATTCTTGT	134	reverse	sll1103	
sll1441	iTSS	CTGACGAGCCAATTTGGCAAGCTTTTTTTAAGTCCTACTGGGCTTGCCATTTTG	54	reverse	sll1441	
sll1441	iTSS	ATTCTGACGAGCCAATTTGGCAAGCTTTTTTTAAGTCCTACTGGGCTTGCCATTTTGTTCCTAATCAAGGTTCAGGGGTCTATTACCAATCCCCATCCAATGGTGGATATCAAAAGAAACCTTAATTGATCCTAATTGAATCAAACCAACATCGGGAGGGAAGGCAATATTAGATGGTATTACTCCCTTCCGATCGCCT	199	reverse	sll1441	
sll1442	iTSS	AACAATAGATAACCAAGACTTTCTTATTACTAGGCTCAGAAAAGTAGCCGCTCATTATCAAAATTTTGAATT	72	reverse	sll1442	
sll1442	iTSS	AACCAAGACTTTCTTATTACTAGGCTCAGAAAAGTAGCCGCTCATTATCAAAATTTTGAATTGACAGATTCTGACCAGTACGGAGAACGTTATGTGGCTGTTTTTCCCAT	110	reverse	sll1442	
sll1169	iTSS	ACGTCTAGCCCGTTGGTTAATGTCTGTCCATGACTGTCTTCAAGTGGACGAGATACCCCTT	61	reverse	sll1169	
sll1170	iTSS	GAAATCAACCAAGTCAGGTGATGATGCGAAAAAATGTGCAGACCGCATTCACCGATTATTTTCCCGTCCGTTAACTATGGAGGGAATTCAACT	93	reverse	sll1170	
slr1278	iTSS	ACTCAGTCAAAAACCCCTGGCCTTACAACGGCGTATCATTCGCCAATTTCTACAATCCTGTCAAAGCCAATCTCCCAATTTTGAGGAAATTGAACAGATAGTAGGGTTGATTAATGCCCCCAACCGCTCCCAAACTTCTTCCCTACCAGGTCAAGGAATAGTTAGGGTGGAAGGGGACTTTTT	183	forward	slr1278	
slr1277	iTSS	AGAGTTTGGAGCAGTCTCTCAAGCAAAAAGAAGAAATTGATTCTTGGAAACCATCATTGGAGTTGATGCAGGCTAAATCCCTTGTCAAACCAGGGCAAAAGTTGAC	106	forward	slr1277	
slr1274	iTSS	AACACCAAGCAGGTGGCAACAGCGGTACCCATGCGGGAAGCGATCATCCGTATGCTGCC	59	forward	slr1274	
slr1269	iTSS	GTTGCGATTTGACGACGGCACCCAGGGTACCCTTTGGACGGAACAAAATATGTTTTTTGGGGGAGTTCATGGGGTTGCCACCACCAC	87	forward	slr1269	
slr1266	iTSS	GTTAGTCTGCCTGCGGGAGAAATTGAGCCCCTAGGCAAGGTAGTGCTGCACCAACAACCC	60	forward	slr1266	
sll1178	iTSS	ACTCATATTCTTGGCATTTCTGCTTACTACCACGACAGTGCGGCGGCCCTGGTCAAAGATGGCGTT	66	reverse	sll1178	
sll1180	iTSS	AGGTTCCGTTGTTGAGCAGGGTAGCCATGACGAATTAATGGCCCTCAAGGGACGTTACTATTACCTTTACCAACAACAGGGCGCCGGCGGTGACGATGTTTAGT	104	reverse	sll1180	
sll1180	iTSS	ACCAACAACAGGGCGCCGGCGGTGACGATGTTTAGTGCCCTCACCTAAAACTGT	54	reverse	sll1180	
sll1371	iTSS	GTTAGCCAGGGAAACTGTCACCCGTTGCCTAACTAAACTGGAAAAACGGGGCTTAATCCATCGAGAGCCGGATTTTATCAGTGTGGCCAATCTCAGGGATTTAGAAGATCTAATTTCCTGAACATAGAAAATATTGCCCTGGCACCATTGCCGATCGCCGAAACATAGTATGTCACACTAGGTGGGTT	188	reverse	sll1371	
sll1372	iTSS	AGACAATTGGGTGGATGCGGGGGACGGAGAAACAGAGGAAAGCAAAGCACTACAGGAATTACCCTTGAGCCGTCAACAGCCGGTGTTGAAATCTCCCCAGACCCTGGCCATGGTGGAAAGCGCCTTTCTCGCTAGCATGGTCAGCATTATTTGGCT	156	reverse	sll1372	
sll1374	iTSS	ATTGGCGATCGCCAAAAGTTTTAACTTGTTGGGGGGCAGCGGTTTTGATTACATCAGCTTTTTCCTCATTCTACTGGGGTTAATTTGGGGT	91	reverse	sll1374	
slr1478	iTSS	GTGGCCTTTGGCATGGTGGCCGGAGGAGTGGTGGTGGGACTATGGACTATTTACGCTCTGTTTTACAACGGTTTACTGCTGGGGGCGGTGGG	92	forward	slr1478	
sll1383	iTSS	ATTAAACGCCGTTGCCCAGACCATGCCATTTTGGCCGAAGAATCAGGGCAGTTAGGACAGGTTGACAATCCTTTTTGTTGGGCCATTGATCCCCTCGATGGCACCACCAA	110	reverse	sll1383	
sll1388	iTSS	ACATTTGGAAGAACAACAAACGGAAGCCCGGGAGTGGCTGCAATCCATTGTCCAACAGGTGCAGGAGGATGGGGTGGCATGTGA	84	reverse	sll1388	
slr1984	iTSS	AAAATTTGGGCGATAAACAGGAGCAACTGGAAAAAAGTTAAGGATAGATTTAAAGGACTCTCCCCAGTTTGAACGATGACTAAAACAGGGTACCCAGGCAACTCAGTAAAACAGTTTTAAGTACGCTTCGAGCATTATCCTCCAAGCTGGGATTGGGGAG	160	forward	slr1984	
sll1870	iTSS	AGTTAGCAAAACAGAATGTCAAAGGCGAAGGATTCGGGCCTGTGATATTTGGGAAATTCCCAGTGATTGGTTAGATCGCAATGAGTTACAGCTTTCTGTGGGGCAAAGACAGTTGGTTACCA	122	reverse	sll1870	
slr1982	iTSS	TATGGCTAAGGTTCTCCTAGTTGAAGACAATGAAATGAATCGCGACATGCTATCCCGTCGCTTGATCCGCAAAGGATACGAGGTGGTGATAGCCGTTGACGGTGAACAGGCTGT	114	forward	slr1982	
sll1873	iTSS	AAAAATTGTTTGGCGCTAAAAAAGAATTTTACGTCCAGTTAGATGAAAGCCAAGCCCCCGCCCAGGTGGAAGAGGCCGACGTGGCGATCGTAAAATCGGAGGTAGCTCCGGTGGAAAAACCGGCTCCGACCACTTC	136	reverse	sll1873	
sll1876	iTSS	ATTCGTCGCACTGTAATCAAGGAATTAATGT	31	reverse	sll1876	
sll1888	iTSS	TCTGCGGCTAATTTTAGACGACATGGCGGATTCAGAGGCGGAAAAACACGAATTCGTCGAAGAAGCCTACCAATCTGCCCTGTTATTGCTCAATTTAATTAATGATATTCTCGACCTGGCCAAAATTGAAGCGGGTCGAGTGGGCATTGAATTGGAAGTGGTGGACTTTAGTGAAGTGCTCCA	183	reverse	sll1888	
slr1969	iTSS	ATGAAACCGGTGGCGTCGGCCTGGCCTTAACCAAGCAGTTGGTGGAACTCCATGGC	56	forward	slr1969	
sll1890	iTSS	GCAAACTCCTGCGCCGCTAATTTTTTTAACCGCCGCTGACACTGATATCCAGGCAATCGCCAGGGTGTGGCCCCGATTGCCCGGGGATTTTC	92	reverse	sll1890	
sll1890	iTSS	ATGGCTTGATGTGGTTGGGGGACTACGGTTTTGGTCGCAATTATCGGCCCCCTGCCCCCCAAATGGTG	68	reverse	sll1890	
sll1892	iTSS	ATGGGGCGTCAGGAAGATTGAGCGAAAATGCCAGCGTAATTGTCGGTCAATGCGTAGAGTTGGAACGGGGTAAGTTGCTGGCCAGTGGTCCTGTCAATGGTTGTATGGCGGGGGTCAGTGTGGCGGTGACTGGCACAGTGTATGTCATGGAAAGG	155	reverse	sll1892	
sll1894	iTSS	GATTTAATCTGTGCGGCCCAATTTGCCACCCCTGCTCTAGTTAACTTTATGGCAGTGGAAGCCCGGGGCTTGATTTGCCT	80	reverse	sll1894	
slr1964	iTSS	ATGTTACAAACCGCCGAAGCACCTTGGTCCCAAGCTGAAACCCAGTCTGCCCATGCCCTGTTCCGTAAGGCCTACCAAAGAGAATTGGATGGACTGTTGGCAACGGTGCAAGCCCAAGCTTCCC	124	forward	slr1964	
sll1895	iTSS	ATAAATTTTATGAGCAACATATTCACTATCCCGCCGAAAGTCAGTTTATACGTAGTTACATTTTCGATATCACAGAGCGTAAAGTAATTGAGCAATCAATTCATTACCAAGCTTTTTATGATCCCCTAACGGACTTGCCCAACCGCTTTTTGTTCAAGCAAGAATTGGGTAAAGTCCTAAGTAACGTTCAGAATCAAAGCAGTGTTTT	208	reverse	sll1895	
slr1960	iTSS	ATATTAAGTGATATAAAAAGAAAGAGTCT	29	forward	slr1960	
sll1898	iTSS	CCATTTACAAATTGAACCCCTAACCGTAGCCCACCATACAGTGGGAATTTGTCTCTGGGCTACCCTGTTGGCGATCGCCGTTTTGGCGGTGCGGGACCATCGACCGACGGCCCCCATTACATCCTGATGATAAAAATCTTTAAGTCTCCCTAGGGAGGGAAATTTCTG	168	reverse	sll1898	
ssl3580	iTSS	ATTAGCCTTGCCTACGTACCCGAGGTTAAGGTGGGGGATTACGTGATTGTCCATGTGGGCTTTGCCAT	68	reverse	ssl3580	
slr1958	iTSS	AGGAATGCTTAATTGCGGGGGATTTTAAGACGGCGGACCACGAAACCACCCGCATTATTCTCGAAACCCTCAATCGTAATCGGGATAACCTCAGCCCAGAAACTTTAT	108	forward	slr1958	
sll1253	iTSS	ATGCAGAGCTAAAGCTAACAGAGCAATTATGGTGGCAAGTACGTTATCTCTCCCGCTGGTTACGCTGGTTTGACCCGGAGCGAAACCTAGAACATTGGTTACT	103	reverse	sll1253	
slr1336	iTSS	CTCCATGTCTGTGGTGATGGGGTCGAGCCTGCAAATTGCCTTCTTTGTGGCCCCAGTCTTGGTCATCGTCGGCTGGGCGATCGGTCAGCCCATGGATTTAAACTTCAATCCATTCGAGTTGGTAGCGGTATTGGTGGCAGTTTTGATTGTCAACTCTATCAGTAGTGATGGCACTTCCAATTGGTTAGAGGGCATCCTGTTGCTTGCTACCTATGCC	217	forward	slr1336	
slr1336	iTSS	AGTAATGGGTTTTGCCGTCTTCCTGGGGGGATTGCGCTATAAGGAACAAAATTTCCAACCCCTCGCCGCTCGCTTGAATGCATCCACCATGAATTTGGGGGTAGTGGCGATTCTGTTACCCACAGCCTTGCAATACACCTCCACGGGGGTG	151	forward	slr1336	
sll0802	iTSS	AGAAAGGGCGCAGCCAACGAAACCAATTTACCCCTCTCAAACTTTCCGGTGGATTGTCCCTTTTCCCTGGCGGAAATGCTTGATGC	86	reverse	sll0802	
slr0822	iTSS	GATCATCCCCTAACGGCCCTGGCGATCGCCAAGGATTTGGGCATCAATCAAGCTGGCGATCGTTTTTT	68	forward	slr0822	
slr0821	iTSS	GAAGCCGCTAACGTAGGGCAGTTGATTGAAGCTCTAGAAGCTAATTGCCCCG	52	forward	slr0821	
sll0810	iTSS	ATCGAATGCAGTCAGTGGCAGTATAGTGGCAATGCCCGAGGACTAGTCAAAGGTATTGGTCTGGTCAGTTGTGTTTATGTCAATCCAGAGGTGAATCAGTACTGGGCGATCGACTATCGTCTATATGGCAAATGGATGGATAGTTACAGTAAGCTAGAGCATGTCAAGGAAATGCTCAGTCAAGTGACACATAGCAAGAATC	202	reverse	sll0810	
sll0810	iTSS	GTCAAGGAAATGCTCAGTCAAGTGACACATAGCAAGAATCTGATGTTCGCCACTGTACTGATGGATAGTTGGTACGCAACTAAAAAGCTGATGGCTTTTATTGATGACACATTAAACAAGATTTACTACTGCCCGCTGAAACGGAACCGATTGGTGGACGATAGTGGCATCACTTCTCCATACCAACGGGTAGATGCACTGCTATGGGATG	211	reverse	sll0810	
sll0813	iTSS	ACGACTCTCAATTTAGCGGCACCTACTTTGCCGTCATGACAGCTCCCGTGGTGGTGCAATCTTTGTCCGACTACCAAGCTTGGCT	85	reverse	sll0813	
sll0818	iTSS	AATCGCCATGGCCGTACCCAGGAGCTATTGGCCAAATTACAAGCGGGGCAAAATATTGCTTTGGTGAGTGATGC	74	reverse	sll0818	
slr0806	iTSS	ATCGAAATAATGCGCATTCAAGGGCAAATGTGCCTAGCTGGTTTTCCTTTGGTTAAATTTATCAACGGTGATCGCCTGGAAGAAATCATGGCCGCCCACCAAAATCTAGGGGCCAGAATC	120	forward	slr0806	
sll1224	iTSS	GAGACAGAAAACGAAGGTAGTAATTTCCTTTGGGGACTGTGCTGTAACCGCCAATGTCCCCGGT	64	reverse	sll1224	
sll1226	iTSS	ATTAAGAAAGTGAATTTGATCATTGCCACGGGCAAC	36	reverse	sll1226	
slr1329	iTSS	AAAGTCCAAGGCAGAAACTCTGCTGGTAACGAAGTAGCTGTTACCTGTGAAGTGCAGC	58	forward	slr1329	
sll1228	iTSS	ACGATGACCTGATTACCTTGGTTGAGTCCCTGCCGACCTTGTCCCCATCCTTAGCTCATCTATTGGCCACCTGGGCCAGGGAATATCGTTTTG	93	reverse	sll1228	
sll1229	iTSS	ACCGCCATAGACCAAACCCTAACCTGTCGGGTCAAAGATAATGGGGTGGGTGT	53	reverse	sll1229	
slr1325	iTSS	AGTTTGGAGGCCCAGCCGATCACCATCCCCCACTAGAGGATATCCGCAAATCCTAACATTGGGGGATTG	69	forward	slr1325	
slr1325	iTSS	AGGGGCCCGGGTGAATGGCCAATGGTTGGGGGTGGATACCAGGCTG	46	forward	slr1325	
slr2125	iTSS	AAGTTTCATTTTGAACACAATAATCGAGCAATTTACAATGCGACAGAAGGTGGAAAGCTAGAAATTTTT	69	forward	slr2125	
slr2118	iTSS	CAGAAACTAAGAGAACATCAAGGTAAAATGGGACAAAGATTAG	43	forward	slr2118	
sll2001	iTSS	AACAGTCAACAGCCATTGGTAAAGCAGAAAAAATTGTCTCCGGGGTAATTCTGGCCCGGGAAATGGTGGCGGCTCCGGCCAACGAAGTCACCCCCTTAACCTTTACGGAAATTGCCACGGAATTG	125	reverse	sll2001	
sll2001	iTSS	GCTGGGGCAGACAGAATGTGAGGCCCT	27	reverse	sll2001	
slr1524	iTSS	AAATACAAGCCTGGATTCGAAGC	23	forward	slr1524	
sll1415	iTSS	AAAACCTATGCCGAACGGTGTGCCAGGGAACTGGAAGCTAGGGGTTGTAAGGTGCTGATGGGCCCCAGTGGCATTAAAGACAATCCCTATCCAGTGTTTTTGGCT	105	reverse	sll1415	
slr1512	iTSS	ATCGTTCAGCAAGCAACCCGTTGCCGCCGGGGATTATGGCGACCAAACGGATTATCCTCGTACCCGCCAAGAGTAT	76	forward	slr1512	
slr1511	iTSS	ATACGGCAACACTTCGGCAGCTTCCATTCCCCTGGCTTTGGATCAAGCGGTGCGGGAAGGGAAAATTAAAGAGGGAGACCTAATCGCCCTGGCCGGCTTTGGGGCCGGCTTAACCTGGGCTGCTAGC	127	forward	slr1511	
slr1510	iTSS	GATTGTTTGTGATGGTTTTGTCGGCAATATTGTGCTTAAATTTGCCGAAGCGGTGGGGGAAATTTTACTGAGCATTGTTAAAGAAGAACTACCCAGGGGCTGGCGGGGCAAATTGGGGGCCATTATTTTAGCCCCCAACCTCAAAC	146	forward	slr1510	
sll1423	iTSS	ACCGGGCAACGTTCTGACCGTTTTTACCACGCAGTGGCTTTTACCCCGGTGGAGTTACTGTCTGCCCCCATTGAACAGGTGGAACAGGCTCTCAAGGAGCATCCCGACCTGTCATTGTTGATGTTACAGGGGCTTTCTTCCCGCATTCTCCAGACGGAAATGATGATTGAAA	172	reverse	sll1423	
sll1426	iTSS	ATGGTCTGCACCCACGGCCAGAGTAATCCCTTTTGGGAATAGAGTTTTGCGCTGCCATTTAGCTGGGTTGAAGGGGAAAGAGTTTTCGTCCTTTGGCGACAATTTCCCCAGCTCCAGT	118	reverse	sll1426	
slr1503	iTSS	GCCTATAGTCCCCTGACCCTGGGGCTGTTGACCGGTAAATATGGTCCCCAAGGACCTTTTCCTCCAGGTATCCGTGGCCTATTGTTCCGGCGAC	94	forward	slr1503	
slr1503	iTSS	AACTCTGTGAGCAATTGGGCATC	23	forward	slr1503	
slr1503	iTSS	GTTAGCATTGTCAGTCTGCAGGTGCAATATTCCTTGCTTTCCACCGATCCCGTCAGCAAATTAGGCTTGAAGGAACTCTGTGAGCAATTGGGCATCAAATTAATTG	106	forward	slr1503	
sll1429	iTSS	ACCGAAAATGCTAAAGAGTTAGCATACAGAAATAAAGTGGAGCTT	45	reverse	sll1429	
slr2098	iTSS	ATCACGTTTATTTCTGTTATACCGGCGATCGCCGCTAGCATTTACGCTCTGAACTTTTTGAGTTTCCAGGCCCCGACGGCGAAAAACCTCATGGTGGGGGCTATCTGGTTTGGTTT	116	forward	slr2098	
sll1981	iTSS	AGCGCCCCTGGTGGCCATCACTGGACAGGTGGGCACAGATCGGATGCACATCGAATCCCACCAATACCTGGACTTGGTGGCCATGTT	87	reverse	sll1981	
sll1982	iTSS	ATAGTGAATATGGAGAGAGC	20	reverse	sll1982	
slr2088	iTSS	GCCCCCGGCATGAGTAATGCCCAAATGCTAGGTTTACCGGAAGTGCCGGTACGGGACAATGGTCCCCGGATGGTGGAGTGCAACCATTGCCAAACCCAAAATTTCATCACCCATCGTTTCTGTTCTGGTTGTGGAGCCAAACTCTAACCCATAAGCCAAAATTGAATTCATCCTCCCAGCGGTGGGGTCAGA	192	forward	slr2088	
sll1987	iTSS	AGGGATCTAGGACCAAAGAGCCGTTACCTTGGCCCCGATGTGCCCCAGGAAGATTTAATTTGGCAAG	67	reverse	sll1987	
sll1988	iTSS	AGACAATGGAGCCGAAGCCACCTGCGATTTTTGCGGTGAAGTCTACCAGGCCGATCGCCATCATCTGGCCCAGTTAATTGGGGAAATCCAACGGGAAAAAGCCG	104	reverse	sll1988	
sll0241	iTSS	ACGAGCCTCTGGATCAAGGACAGCAATAAGGTTTGGGTCGGAACTGGTTTCTTTGACCGAGGCGGAGCGGCCCAACTGGAAGCCAATAACTCTGGCTGGGTAGTCCGAAAAACCTTAACAGCGGCAAACGGATTGGCCGGGGCCAAAGTACGCTCCATTTACCAAGACCGCCAAGGGGTGCTTTGGCTC	189	reverse	sll0241	
slr0273	iTSS	ATTGCTAATTTTTCTTGGACAGCTTTGGGGCAATGTATCCCAGGCGAGGGAATTTATCCTTAGTGAGCGGCCATTGATCCTTTGGCGTTATAGCCCCGATGAATGGCAACAGCTTCGAC	119	forward	slr0273	
sll0254	iTSS	AACGCCATTTGTCATCAAGAGGG	23	reverse	sll0254	
sll1586	iTSS	ATGACAGTTTGAAGTTGATCAACCTACTCAGCCGTGGACAATTAAGTTGGCTAGGCGGTCAGGGAGAAGTGGATTTAGCTTTGTTGGGTTGCCTTGATCCCTATAAACAAACCCTGTACCAACTCCAGGGGCTGGGGGAAATTACCAT	148	reverse	sll1586	
slr1722	iTSS	AAAAAGCCCAACAGTTGGGTATGGGTAAGTAATTCTTGCCATTGCAACTATCAACCCCCTGGGATTATTCTGGGGGGATTTTTAT	85	forward	slr1722	
sll1605	iTSS	ATTGCCAAAATGCAAGGGGAAGCTAGGGTCGATGGACAACTGGTTTGTGGGGGGGAAAT	59	reverse	sll1605	
sll1606	iTSS	AGGGCCAAAAGAGTATTTGAAAAACTGGGTATCATTGTCATTCCCGCCGCCACCGACTTTTTGAGTCAACCTTTGGGC	78	reverse	sll1606	
slr1717	iTSS	AAACTTGAAAATCTGCGGC	19	forward	slr1717	
sll1608	iTSS	GCTAGCCAGGTGGCCCTAGCGGGATTATTGGTGCAACTACAGGTATTGCACAGTTTTGATTT	62	reverse	sll1608	
sll1612	iTSS	GATTGTTTTACAGCCTTGGAAAGTTTAGAG	30	reverse	sll1612	
slr1712	iTSS	AAGTGGCGACTGTATTGGAACAGATTGAGGATAATCGAGTTAAAGCAAATCTCAT	55	forward	slr1712	
slr2004	iTSS	ACTTGGCCAAGCTTGGATTCCTCCTATGGAAGTTCTTGCAGAATATTCTTATGTTTACAATGTGCCTCAGGAAACTTTTATTTCAGAAAATTGGCTAGACAAACCTTCGGGACTTGCTAGCGATGGAAAATCTCTTTTCGTTGCCGACTACAGCTCTGGGTGGATTGCCGCTTTCGATTTGAAAACTGCAAAATTGGAATGGAGATATCAGTCAAAGCTTAATAGTATTTCAGGGCTGG	239	forward	slr2004	
sll1905	iTSS	ACACTCTCCTGGAACAGGCCAGGACCGCCGAAGCCCTGGCCTGTACTTCCACCCGCCTGGGTATCCTGGTGCAAAATATGCAAGCAGGGGTGTTGATGACCGACGCCCAGGGCACCATTGTGGTGGTC	128	reverse	sll1905	
slr1991	iTSS	AATTGGTTTCGCCAGGCTGGGCATATTCTGCGGGAAGCGGGCAGTTGGGTGGATAAGTACATCGGTGATGCGGTGATGGCCATCTGGTTCCACGGTTACAACGAAGCTACTCCCGCGGAAATTATTCA	128	forward	slr1991	
sll1909	iTSS	ACAAAGTCAGGCGATCGCCGATGCGCTGGAGCAAAACGGTTGGACGGTGGTCGCTATATGGAAACGGC	68	reverse	sll1909	
sll1949	iTSS	ATTGTGCTGGAACAGTATGGCGAGTCCGTAACCCGTGATGTCGG	44	reverse	sll1949	
sll1950	iTSS	GACCCCGCCAGTAGCACCACTTTACCCATGACGGAAGGTGGTCCCTCCATCAATGCTGTTC	61	reverse	sll1950	
sll1951	iTSS	ACCCTTATTACCACTAGAAGAAATATTACCATTTGGCAACGATGACATCGACGCCGGTAGTGGTAACGATGTAATTGCCGGTGATCTTTTAGTGGTTACTGGCGATGATATTGACCT	117	reverse	sll1951	
slr2062	iTSS	ATGAAGCTAAGGTATCAGTACCGATTTTACCCCACAAACCAACAGCGACAGGGCTTAGCCCAGTTGTTCGGATGTGTGCGGGTAGTGTGGAACGATGCTTT	101	forward	slr2062	
sll1954	iTSS	ATCCATTTCTCAGCAACAATACCGGACTTTCAAACCTTCGTTGCCATTGTTACCACGTTGCTAGTCTTTTTGACTGGAGTAGCATTAAAGTATGACACCATCTAC	105	reverse	sll1954	
slr2059	iTSS	ATGAAGAAGCGTGTGACCCTGACTTTTCCCCGTAGTGCGGTGCAAATGCCCGTCACTTATCGGCTG	66	forward	slr2059	
slr1262	iTSS	GTTAGTTTGGATTATCATCTGATGGTGAGTTTTACGTTCTTCGCCGCCCTGGGAATTTTATTGG	64	forward	slr1262	
sll1150	iTSS	AGTGGCCATTTCTGGCTTCGGGGTGTTGCTATTTGCCGGCGTGTCGGTGGTGGACTTTTTTGTTCTCCCCCGCACCTACCGGG	83	reverse	sll1150	
slr0872	iTSS	ACTGTGCGGGGTAACCGGGGAGCAGTC	27	forward	slr0872	
slr0869	iTSS	ATGTTTAAAAGCCATGCAAATTTTTGAGCA	30	forward	slr0869	
slr0868	iTSS	ACCAAGATCCCAACTTGATTATAGAGTTTATGTTTTTACAGTCCTGGAAAAGCTTAGAGGGAACCCATTTGAAGGACAAGTACTTACTTGAAACCTTGCTTGGGATTGGTGGGTTCGGCGCAGTGTTTCTGTCAAAAACAGTCGGCCACG	150	forward	slr0868	
sll0842	iTSS	ACATTGAAGATTGGCCCCTATCAGCCTATGACGGTTCTCTGCCAGCTAACTATCGGGGCTGGGTAGATTTGCGGGCCCTGCCCCAGTTTAACC	93	reverse	sll0842	
sll0847	iTSS	TCATTGGCACCTTAGCCCTACTGGCGGCGGCCATTAATCACCGTCAGGATTTAAAGCACATTGAACGGGGACGTTTCACTTACCAGTCCCGTCTTTCCATTAGTTTTGTGGTGGCGATCGCCTTGGTGGTGGTGGGAACCTTTGCTTTTTTAGCAATCATGTTCCAATCGTTTTAGGCCGTTCACG	186	reverse	sll0847	
slr0854	iTSS	GTGGGAGCAAAGCCGCAGTGAGGAAGCCCGGGCTAGCATTGAAACTTGGCAACAGGAATTGGCCTGGAGGGAATTTTACCAACATTGCCTTTACAGCTTTCCTGCATTGGCCCAGGGACC	120	forward	slr0854	
slr0852	iTSS	AAATTACCATTGACCAGCAGGGAAATTGTCATCAACTAACGGTTTTGGCCAGTTGCCAGAATCATCAGTGTTGGCAAAG	79	forward	slr0852	
slr0852	iTSS	ACACTTCGCCCAAATTACCATTGACCAGCAGGGAAATTGTCATCAACTAACGGTTTTGGCCAGTTGCCAGAATCATCAGT	80	forward	slr0852	
slr0851	iTSS	GGTAGTCTAGCGGTGATTGGTCAGAATAAAGCGGTGGTTGACCTTGGTTTTGCCCAATTTACCGGCTTGGTGGCTTGGATGATCTGG	87	forward	slr0851	
slr1744	iTSS	AGGAAACGAACGATTCAGTTTTAATTCTGGTCCGGCCCAACACTGGCCGTCGCTTTGGCC	60	forward	slr1744	
sll1623	iTSS	ATGGAGCCTTTCTGTTGGAGGAAGGCAAAATTGTGGCGCAGGGAGATCCCAAACCCCTCAA	61	reverse	sll1623	
sll1626	iTSS	CCGTTCTGTGACTGGAGAAGAGGAAATCGAAGATGGGGAATTGGTCGCCGCCAGTATTAAGGGGGGCAA	69	reverse	sll1626	
slr1819	iTSS	AGGAGGCTAATCTGCGAGATGTGGATTTGCGTAAGGCAGACCTGAGCTACGCCAACTTAAAAGGGGCCCTGCTAACTGACGCTAACTTGTCGGGGGCAAAGTTAAATGGT	110	forward	slr1819	
sll1691	iTSS	AGGGCTGAACGAAATAATGTAGCTGCCTGTCTTCAGTTATTAGCTGGGATCAATTTTGAAAAGTCTTTGATTAACCTATACCTTAGGGAGGGAGTTATGCGGGAATCGGTGGTTTACCAAAGTATTGTGGCAGAGTCGATGCGGAAAGGCGAACAGCAGGGACTGGAACGAGGTCTGAAGTTAGGACTTCAGCGGGGAGAACAACGGGGGGAATCACCCTTGATCTTGCGGATTTTAA	238	reverse	sll1691	
sll1694	iTSS	ATTGGCTGCTATTGCTCTGCCTAACCTCTTGGGTCAAGTTGGTAAAGCACGGGAGTCCGAAGCTAAATCCACTATCGGTGCTTTGAACCGTGCCCAACAAGGTTATTTTACTGAGAAGGGTACGTTTGCAACCGATACGGAAACGCTT	148	reverse	sll1694	
sll1696	iTSS	AGTGTTGAATTGCTTGGCAAGAGTCTGGAAAAAATGCCCGAACAGTTCCTTTCTCCAGGTACAGCACCTTACTATGTGTGGAGAGCGAAAGGAACTAATGAGTTATTGTTTTTAGCAGATCCACAAGCGGCTAAGGAGTCTTATAAAAAAGCTGTTGAATGGGCACGACATTCCCAAAATGACGAAAACCAGAACTTTATCAATGTCACCACCGATAGCATCAAA	225	reverse	sll1696	
slr1816	iTSS	AAGACTATTTGCCAAGAAGAAAATTTGCCTAAGAAAAAACAAGTTTCTCTAAAACGGATTGGTTATATTGCCCATACTCTCAGGCAACATTCAGTGGGATGGCTATGCCGT	111	forward	slr1816	
sll1697	iTSS	ACTACCGGAAGTGTTGATGCCCATTGATTTTGGCCTGCCTAGGGTGTTGCGTTCCA	56	reverse	sll1697	
sll1699	iTSS	AATTTACACATGTTTAATCAGCATCCCCAGGCCGGAGCCCAACCTTTAGAGGGACAAACAGTGGCCCCCTGGGAGCAGAACATTG	85	reverse	sll1699	
slr1808	iTSS	CTGTTGGTGAAACATCTATTAGCTAAAGGAGCCACGGACATCACCATTGTTAACCGCTCCCAACGTCGTTCCCAGGATTTAGCCAACCAATTCCCCCAAGCCCAGTTAACCCTTTGTCCCCTGACGGATATGTTTACGGCGATCGCCGCTGGGGATATTGTCTTTAC	167	forward	slr1808	
sll1704	iTSS	ATTGGGGATAACCAGTTGGGAGGATGGTACGGTTATCGAGCTTCTAAGGCGGCGCTGAATATGTTGCTCAAAAATACGGCGATCGAATATCGCAGAGTTGCGCCCCAATGTGCGGTAATTTTGCTCCACCCCGGCACCACTGATACGTCATTGTCCCAACCATTTCAGAAAAATG	175	reverse	sll1704	
sll1709	iTSS	AACTGGAAAAACAGCCCTGGTCACCGGGGGAGGCATAAGGGTTGGTCGGGCCCTAGTTATGGCCCTGGCGGAAGCCGGTTGTAACGTCTTTATTCACTACGGTAATTCCCAGACCGGAGCCCTAGAGGTTCAGCAAGAAGTGGAAGCATTGGGTAGGAAAGCTTTTACCTACTCCGCCGATTTGAGCGATGCCCAGGCCACCCAAGGAATTATTCCCAAAGCCCAGGAAGTCTTTGGCCAGGTGGATATTCTGATCAACAGTGCC	265	reverse	sll1709	
sll1710	iTSS	AATTCGAGAATTTTACAGCACGGACATC	28	reverse	sll1710	
slr1803	iTSS	AGCTATTGCCAAACCCTTTCTGAAATGGGCTGGAGGTAAGGGAAAGTTAATTGAACAATTGGTTAATTGCTTCCCCTTAGAAA	83	forward	slr1803	
sll2002	iTSS	AACTTAATGCCATTGCCTTGCCCGATGCAGTGAGAGGCGATCGAGGGGACCAGTGGGCCTTGGTGAGTTTGGCCGC	76	reverse	sll2002	
slr2141	iTSS	GTCAGAGAGGCAGTCACCGCTCCC	24	forward	slr2141	
sll2005	iTSS	ATTGAAATTGACATTAATGCCGACGGTTCCGTCACCGTAGTGGACAATGGCCGGGGGATTCCCACCGATATTCACCCCACCACCGGGCGATCGGCCTTGGAAACAGTGTTGACGGTACTCCATGCCGGGGGCAAGTTTGGGGGCGGTGGCTATAAGGTATCCGGTGGTTTGCACGGGGTAGGGGTTTCCGTTGTTAACGCCCTGTCCGAATGGGTGGAAGTGAAGGTTTGGCGCCAGGGGAAGGAACACTTCCAGCGGTTTGAGCGGGGCAATCCCATT	279	reverse	sll2005	
sll2008	iTSS	ACGGTTCCTGTGGCGGTGGTAGATGTGTGGGTGCGGG	37	reverse	sll2008	
sll2012	iTSS	ATCCAACAGGTTGTTAGCCTCAACGAAATCAAGAAGTCTTTGGCCGAAGGCAAGGATGGCGAGCCGGTTTCCCCCAGCGAGTGGGCTAAGGCGGCCGATTTGTCC	105	reverse	sll2012	
ssl3364	iTSS	GCAATATTCAAGAAAAAATCGAACAGGAGCTAGCCAACGCT	41	reverse	ssl3364	
sll1763	iTSS	AGGTGGCTGGGGCAATGGCCGAGGGGGCGGTGGCTTCG	38	reverse	sll1763	
slr1878	iTSS	GTGCGAGAGTCAGCGGCCCAGGCGCTGGAAGGTTTGGGGGATGCTAGAGCGATGGCACCT	60	forward	slr1878	
sll1770	iTSS	GAACTAGGTCGCCAGGCGGTGCAGGTGGGTAATAGTGCCTTGGGGCTACCCCGGCGCATTGAAGACAGCCTT	72	reverse	sll1770	
sll1770	iTSS	ATTGGTGCCAGCCTTTGCCCTCTGGCGATTATTAAAACGTTTGGAAAGACAGGACCGGATGTTTTAAAAGACAAGCACTCTCTCTCTGCCCACTAAAAACTAACCC	106	reverse	sll1770	
sll1774	iTSS	AAGTGGCGACTGCATTGGAACAGATTGAGGATAATCGGGTTAAGGCAAATCTCATGGCAGCAACCTCTGTTTTTGGAGGGATTCTGTT	88	reverse	sll1774	
sll1775	iTSS	ACGCCAGTAACCTTGACGATGGCCCGGACCATGGTATGCCCCTAGGGGGGTTTGGAGCCGGTTGCATTGGGCGATCGCCAACGGGGAAATTTAACCTGTGGCATTTGGACGGGGGCAACCAC	122	reverse	sll1775	
sll1775	iTSS	AGTTCCGCACTCCAGAGGCAATCACTGCGGTGGGTACTTTCCGGGCGAGTCATTATCTGCGGGCCATGGCAATCTGGGCTGTGTACGGCTTGCTAG	96	reverse	sll1775	
slr1864	iTSS	AGTTCCCCTAGTTATCGCCATGGCCCTAACCACTGCTGGATTG	43	forward	slr1864	
slr1861	iTSS	ACTGGCTTGCCCTACGATCCCCGCGATCGCCAATTTGATC	40	forward	slr1861	
slr1857	iTSS	ATGTGGCCATGAATATGCATTACGAAAGTCTTTGGTTTGAACTGCCAGCTCCCCCGGTGGGCACCACTTGGCACGTTTTCGCCAACACAGGGGCCCAGCCTCCAGAAGATATCCATCCCCCTGGGCAGGAGCCCCCCCTC	140	forward	slr1857	
slr1403	iTSS	AGATACCGGACTATATACCAATGG	24	forward	slr1403	
sll1315	iTSS	TTAACCACGGGAAAAATCGTCGAAGAACATAAAATTTCTACTACAGGTATTAACGCTGTCATTTTCACCGATGACCAGACAGTGGTTGCC	90	reverse	sll1315	
sll0862	iTSS	ATTAATGGGGGAAAAATATCGCCTTTTCCTAGTGGAAGGGAGTGAAGACCGCCCCGTGGTGGTGATTTTACCCAGTACTAATGACCCCCAACCCAGCACCTTGGC	105	reverse	sll0862	
slr0890	iTSS	ATCAATCCCAAAGAACAGGCTCTAC	25	forward	slr0890	
slr0889	iTSS	ATTGCTCAGCAACGGCTGGGACTATATGAACGGCCTCTTAACCCTGGGGAAAGTGGGGGAACCACAAATTCCGACACCGGAAGTTCTCACCAAAATCCTCGTCGAGTTGGGGCCGTTTTAT	121	forward	slr0889	
slr0887	iTSS	AGTTAACGATCCGGGGTTGTTGTATGGGGCGACGGTGTTTACCACCCTGAGGGTTTACCAACAATGGCTCGACCATCCCCTCACTCACTGGGCTGACCATGGCGATCGCCTACAGCAGAGTTTATTTGCCCTGCAATGGCCTGCA	145	forward	slr0887	
sll0867	iTSS	GTTTATCCCATCCCCAGGTACATACC	26	reverse	sll0867	
sll0868	iTSS	ATTAACTTCCGTTGCTAGGGATGATTTAACCGATGGCGGTGCAGGCTGGTTTGTAGCGGTAATGGAGCGTATTCGCCAGGATAATCCTGCTACTCAAATAGAGGTTTTAACACCGGATTTTTGGGGCGGTATGGGTAGGGAAAGAAGCCAAAAAGAGCGAGTACTGACGGTGACTAAAGCCAAACCGGTTTGCTATAACCACAACTTGGAAACGGTGGCTAGATTACAGGGTAAAGTACGACGGGGGGCAAAATATCAACGCTCCTTAG	269	reverse	sll0868	
sll0869	iTSS	TTTTATACCATTCCTGAAGCTTCCAAAGTTGCCATGGTTAAACTGGTGCAACATCTACG	59	reverse	sll0869	
sll0873	iTSS	GTTATCGGGAATCGTTGAAAAATACCGCGGTAAAAGCAGGTTTACGCATTAACCCGGAATATTCCCCCGTGCAGACCGATCTTTATAATCCCTGTGTGTCCGGTTCCCGGTTGGGGGTG	119	reverse	sll0873	
sll0876	iTSS	ACACCCAAACGGAAATCCAGCAGGCGATCGCCATGGTCAGTCAAGTTCCAGACGTGGCCCAGAGTGAAG	69	reverse	sll0876	
sll1265	iTSS	ACCGCCATCAGCGACAAGATTAAAAGCACCGATTTCCGGGTGGTGCCTTTCCTCGAAGCGATCTATGAAGTGGAAGATAAGGGATATATGCGTTTTACCTACGATTACAATTTCAGCCAGTTCATC	126	reverse	sll1265	
sll1268	iTSS	ATACCGAGTATGTTTCTGGTTCTCAGCGGATTGCTCTACCAAATTCAATGGATCCCCCGGGAGCCAGTCCC	71	reverse	sll1268	
slr1367	iTSS	TCGGGAAGAGGCAGGGCCAGAAAACTTTTTCCTCTTTGGCCTTACCGCTGAACAGGTATATGCCATGAAAGAAAACGGTTACCATCCCCACACCTACTATG	101	forward	slr1367	
sll1272	iTSS	AAGCGTTGCACTGAACAACTTGGAGCGTCTGGGCCTCTTGAT	42	reverse	sll1272	
slr1366	iTSS	AGCTCAGTAAACTTTGGGTGAGTCAGGCCATGGACCCCGTGGGCACCACTTGGCCGTTGTGGTCTGGAGTGTTCCATTTCACCTATGTGCTCAATACCGGGGCAGCGTTCAGTGCTTTTCGGGGCGGGGCTGGC	134	forward	slr1366	
slr1365	iTSS	AGGCATGATGGCTGTGTTGAAACTGGGTAATCCCCCCATTC	41	forward	slr1365	
sll1276	iTSS	AAACAGGGAGAAGCCTCCGTTGACCGCATTTTTGAAATTTTCGACCTGCAACCTTCGGTGGAAGATAGCCCC	72	reverse	sll1276	
sll1352	iTSS	AAGCCAGAGCAAGCCTGAAGGATTTTTGCCCCCCCGTTCTTTGCTGGTCGGGATGGCGATCGGTGCAGT	69	reverse	sll1352	
sll1353	iTSS	ATCCTGGAAGCCCTGGTGGT	20	reverse	sll1353	
ssr2422	iTSS	AGAAATTAAAATCTATGACAGCAAACTAGATACTTACCAGAAAGCTTCCCAGCAAATTGTCAATATTGCCTTTGGCCTTTTGGCCACCTCGGCCCTCGCCATAATCATTCCCGCCGTTCTTAACCGCTAAGGTTGGCGTACAACTCCAT	149	forward	ssr2422	
slr1443	iTSS	ACAGTGGATGGGCTGCCAGTGTTGGTAGATTTTACTCATAGTCAATATTATTCCGGTACTCCAGGGGAAGACCGACGAGATTTACATGGTCTAGGCCTGGGGGCGATCGCCTTGCTGACGG	121	forward	slr1443	
slr1442	iTSS	ACGGCGATCGCCATTTTTAGCCTAATTTTGCAATATCACTTCTACTTGCCCACTGCTTTGTTCTGGGCCTTGTTTTGTCTT	81	forward	slr1442	
sll1360	iTSS	ACCAGCTTTGACCCTAGTGGCCCAAATTGCCAATGGTGGTTTACGGGATGCGGAAAGTTTACTCGATCAATTAAGTCTGCTCCCCGACCTGATTACCCCCGATAAAGTTTGGGACCTCGTGGGG	124	reverse	sll1360	
sll1362	iTSS	ACTAAAGCCGACGGTCATAAATGTGAGCGTTGCTGGAATTATTCCACCCAAGTGGGCAGTTTCAGCGATGACCCCACCATTTGTGAGCGGTGCAACGAGGCCCTCCAGGGAAACTTTTAGATCTCCATAGTCTGAACGGAGTTGATTGAGCCATAGCCCAAGGGCTTGATTTCGGGAGGATTACAACTTCCTCCCTT	197	reverse	sll1362	
slr1438	iTSS	CTGGCCCGTCTTTCCCTCGTGCCGGGGCGGGGCGGTCTGGTGACCGAGTGGACCGTTCAAGGTCAGCCCATCCTGTATTTTGACCGAGAGCGGTTCCA	98	forward	slr1438	
slr1438	iTSS	GATGATCAAAGTCTGGCCCGTCTTTCCCTCGTGCCGGGGCGGGGCGGTCTGGTGACCGAGTGGACCGTTCAAGGTCAGCCCATCCTGTATTTTGACCGAGAGCGGTTCCAGG	112	forward	slr1438	
ssr2061	iTSS	ACGGCGACAACGAAGCAAGGGAAGCCATGGCGGCAAGGGCCAACGGCAAAAGGAGCTTGCCCCAAATTTT	70	forward	ssr2061	
ssr2061	iTSS	ATTGACGGCGACAACGAAGCAAGGGAAGCCATGGCGGCAAGGGCCAACGGCAAAAGGAGCTTGCCCCAAATTTTTAT	77	forward	ssr2061	
ssr2061	iTSS	ATATTGCATTGACGGCGACAACGAAGCAAGGGAAGCCATGGCGGCAAGGGCCAACGGCAAAAGGAGCTTGCCCCAAATTTTTATTGACGACCAACACATTGGTGGCTGTGATGACATCTATGCCCTAGATGGTGCAGGCAAGTTGGACCCCCTGCTCCATAGTTAGGCTGGCTAATCTTATTCGTA	186	forward	ssr2061	
slr1237	iTSS	GCCCCTTTGTAACCTGTACCTCCAGGGCCGCCATCAACCCCAGAAACCGGCCTGGAGAGGAA	62	forward	slr1237	
slr1237	iTSS	ATTAGTTTGCCCCTTTGTAACCTGTACCTC	30	forward	slr1237	
slr1228	iTSS	GGATATGGTGGTAAAACATCCCCGAACGGGCAAAACAGTGCGTTTATCCCGACCCCAAAAACTTTTTGCCCAGGAACGGG	80	forward	slr1228	
slr1226	iTSS	GCGATCGCCAAGGGAAAATCATCTTAGCCGATGAAATTAGCCCGGATACCTGTC	54	forward	slr1226	
slr1224	iTSS	ACTGCGGCTCATTGCTGGTTTGGAAACCGTTACAGGGGGTAATAT	45	forward	slr1224	
slr1222	iTSS	ACAGCAGCAACTCACACCCCTTAATCCTCTCAACTATGCCAACTACAGTCGCCATGGCATTCGCCTTGATCTCGGTGGCATTCAAAAAATCTACTGGGGACGAAGAATTCG	111	forward	slr1222	
slr1220	iTSS	GATGGAGTGGCTGGCGATGTCTGGGACGACGATGAGGCCCCTGCTCCCTACAGCCCTCCCCGGGTGAATATTCCGGAAACCCGCCGGGAAAAAATGCCTGAATATTATGAAGAATAGTCTCTGATTTAACTAGTCTTGCGCCTTTGTT	148	forward	slr1220	
ssl2814	iTSS	AGTGGCAATAAATTACAGCAGATAATTATTGATGGCACCTGGAATAAGGAAAAACTGATTTTTCCTGGCGAACAGTTATT	80	reverse	ssl2814	
slr1541	iTSS	AGGCTTGGCCTTGCCTTCCATGGAGCGCATTCTGCAGGAGCGTTTTGGCATGGAAGTTATTAGTCCTAGTGTCAGGGCCAGCAAAGGAGGGC	92	forward	slr1541	
slr1540	iTSS	GTACAGCAATTCGTTTACATGAGTTCCGCTGGGGTTTACCAAGCATCATCCCAAATGCCCCACCGGGAGACCGATGCGGTGGATCCCCAGAGTCGCCACAAAGGCAAATTTGAAACGGAACGCTATCTAGCCCAGAGCGGCATTCCCTGGACTGCCATCCGCCCCACCTATATTTACGGTCCCCACAATTACAATG	196	forward	slr1540	
slr1537	iTSS	AAACGGGACAATTCCATTACCCAATCCGCCAATGCTTTTGAAACTGCGGAAAAAGCCTATCTAACTATTTTGTCTCTGTTAGACGAAGGCGCTTTGACTTTAACCGATGCAATTCGTCAAGCGGCCCGGCAAGAGTTTAGT	141	forward	slr1537	
slr1535	iTSS	AACACTTTGCTGATATTTTTGGTCTGGAAGCATTACAACGGGTGAAAGGTTTCTCGCCCCCGGAAATGCA	70	forward	slr1535	
sll1717	iTSS	CTGGAAGCCGCACTTGCGAAAATTCAACCTTGTGAATATCGAACAGTTATCTGCTTTGATCGGGTCGATGAGG	73	reverse	sll1717	
sll1717	iTSS	GTTCGACCTATCATTTTCCTCCGTGAGGATATCTTTTCCGTACTGCCACTGAACGACTCTAACAAACTACGTGAAG	76	reverse	sll1717	
slr1844	iTSS	GTAATATTGATGTGACCATTCCCCTGGGCAAACTGGTGTGTGTTACAGGGGTATCCGGTT	60	forward	slr1844	
sll1732	iTSS	GCTTATACATATTTGGCAGCAACCCGCCATCGATCTTTCCTTCCCCTGGCTACATGCCGCTGACTTAGAAATTAACTTTGATTTAAAAATATCCACTGTTAACATCGCCGCCCTGGTTTTGATTACTGGGTTAAATTTGGGGGCACAGATTTATGCC	157	reverse	sll1732	
sll1734	iTSS	CAGCAGTCATCCAGGCTTTGCGGACGGCATTGTTATATCCCCTAGATGATCCGAACCCCCGGC	63	reverse	sll1734	
sll1736	iTSS	ATCAGGCCTGGGCTGTGGCTTGACTGTCCTTGCCGTGGCCATGCTCCTCAGTGCCATTGGTCTGAAATGGGTTGTCAATGGCATT	85	reverse	sll1736	
slr1829	iTSS	ACTGGAAGCAGATATTCAATACCGGGGCTTTGCTGCTTTGATGGAAGATTTACTGGCCCGGGCTAAGGA	69	forward	slr1829	
slr1829	iTSS	ATCTCTACGGCGATGCCCTCTACA	24	forward	slr1829	
slr1828	iTSS	ATACAACTACCTACTTCCTGTGGCGCTGGGGTTTGCACTACCTGTGCGGCGTTAATCACCGAAGGCACAGCGGAGCAGGCTGACGGCATGGGAGTTTCAGCGGAACTACAGGCTGAGGGATATGCTCTACTTTGTGTAGCCTATCCCCGCTCAGATTTGAAAATTATCACCGAAAAAGAAGACGAAGTTTATCAGCGGCAGTTCGGCGGCCAAGGTTAGATTCGGCTGGAATT	233	forward	slr1828	
sll1740	iTSS	ATTGAGGCAGAGTTTCTCAAAGAAGACCTGCCCACCATCCATGTCGGTGACACCATCAAGGT	62	reverse	sll1740	
sll1742	iTSS	CTTACTGTCCATTTTCGGTCGGGAAACCCCGGTGGAATTGGAATTTACCCAGGTGGAAAAACAGAATTAAACCCTTTAGTGGGAGATTGGAAGTAAATTCTCGCTCCCCGCGGTGGGTTTGATC	124	reverse	sll1742	
sll1744	iTSS	AGGCCTCTTTTTCCGCCGATGATTTATTGGCGAATTTAAAAGCGCTGCAAGAGACCATTGACCGCAATCGTCCTTCGGGGGCAAAGGGTCGTTTCTGGCGCACCGTATTTGTGTCCAGTTCCATGGGTCCTTCCATCCCTGTAGACATCAATGCTTTACGCGATCTGAAGTTTGAGGATAACTAAGCGACGACAATTTCCGAGTCATTTCTAGCCACTATTTATTTAACTGGCTATGCCAAAG	243	reverse	sll1744	
sll1746	iTSS	AGTTCCTGCCGACAAGAAAATTGCTGTGCTGAAAGTTGTCCGCACCATCACCGGTTTGGGTCTGAAAGAAGCCAAAGAATTGGTGGAATCCACCCCCAAAGCCATCAAAGAAGCTACCGGTAAAGATGATGCTGAAGCCATCAAAAAACAAATCGAAGAAGCTGGTGGTAAAGCCGCTGTTAAATAATCGTTTGGCATAT	200	reverse	sll1746	
slr2077	iTSS	AGTTAATGATAGACTACAAGGGTTTGAAGCTCTTATACGTTGGCAACATCCTGAAAAAGGTTATATTAATCCAGAGCAATTAATTGCGATCGCCGAAGAAACTGGACTAATTATCA	116	forward	slr2077	
slr2076	iTSS	ATACTGGGGTTTCCTTAATTCGCCAAGCGGCTTCTAAAACCAATGATGTGGCTGGGGATGGTACCACCACCGCTACGGTTTTGGCCCACGCCATT	95	forward	slr2076	
sll1965	iTSS	ATGCAGTTTGAGTATGATCCGCAAAAGGCCAAAAGTAATCGGCAAAAGCATGGCATTTCCTTTGCAGAAGCTGAAATGGTCTTTTTTGATCCTCTCACCATTCACGAGCTTGATCCT	117	reverse	sll1965	
slr1206	iTSS	GTTTGCCCCCGGTCAAGAAGTGGACGACTATCTACAGGCCCACCAAGGTTGGTTCCGTCGCTGTGCCCAGCCTATGCAAGCCGATCCTTTGGGGGACCATGGATATGTGTTGACCATTGGTAAGTTTGGTGCTTTGGGTTTTGATGTGGAGCCCAAAATTGCGGT	165	forward	slr1206	
slr1204	iTSS	ATACGGTCACCACAGGGATTTTGAGTGCCACAGGCCGCCGCAGTGCGGATATTGGTGTGCCCGACAAACGGGTGGAATTTATCCAAACCGATGCGGCCATTAACCCTGGT	110	forward	slr1204	
slr1204	iTSS	GTCAGCCCAAGCCGTTTTCCC	21	forward	slr1204	
ssr2009	iTSS	AGCTACAAATGAACAATTGGCAAAGGTCAAAGTTGAAGTGAATGGTTAT	49	forward	ssr2009	
sll1787	iTSS	GAATCCAAGCGACGGGATGCTAGTTATTCGGTGCAGATGTATGTGCCGACCCGTCTGATT	60	reverse	sll1787	
sll1792	iTSS	GATAGTGACCGAAGCAAATGCAAGTGAACGCATCGTCACAGCTTATGCTCTGATGAGTTTGCTT	64	reverse	sll1792	
slr1901	iTSS	AACCGGTGCGTAAACTTTCCCTGGGGCAAAGGATGAAGGCGGAATTGTTAGCCGCTCTGCTCCACCACCCCACCGTT	77	forward	slr1901	
slr1899	iTSS	ATCAATGGTTAACAGCCACTAGGGAAAGTCGGGAATTAAGAGAGCAAAGCTTGCAAATGGGAGGTTCCCTGCGAAAACTGTTGTTGGATTTAGAGCCTACTGTGCAATCTTGGTTTGAGCCAATTCCCCCCA	132	forward	slr1899	
slr1897	iTSS	ATGGTGCCGATGGCGATCGCCAAGACGTTGGTTTTTGTTTGCGTGTCTTGGGCTGTTGCTCAGTGGATTAATCAGTTGCCAGAGCAATTCCCCCCAGAGCATGGAGGGGAAAGTCAGCTT	120	forward	slr1897	
sll1796	iTSS	ATTCAACCAAGCTAGCCGAATTTTTTTTGGCATTGCCCTCCCCTGTCTAATTTTCCTGGGGGGGATTTTT	70	reverse	sll1796	
slr1895	iTSS	ACCTATGTCAGCGGGCACCAACACGCTTACTATCCTGGTCGGCGAGGAAATTTGGAATTGCTCCACACGGGCCTATTGGGGGCGGGCCCCAGAGCTTTAATTGGTCAAGAACGGCGATCGCCAAAGACGTTAACCATTTTGGATTTCACGTTCGATCAACCGGGGCAGGTGCAATAC	177	forward	slr1895	
sll1808	iTSS	AACCGGGGACTGGGGGAAGCTTCCCAAAATGCCAAGGCTTTGGAGTCTTCCCTGACTG	58	reverse	sll1808	
sll1814	iTSS	GTCGTAAGTCGAGACAAAGCCCCCTCTGCCCAGGAAACTTTCCTGCAGATGGCCCAAGCGGCTGGCCTCCGGGGTCGGCTGCTTATT	87	reverse	sll1814	
sll1814	iTSS	ACTAATTCTGGTCCGGGTGGGAATTTTTATCCCAGTGCCGGACATTGATCGCCAG	55	reverse	sll1814	
sml0006	iTSS	TGATAAGTGCCGCGTTATTCGTCGGCGCGGTCGTGTGAT	39	reverse	sml0006	
sll1819	iTSS	AGATGTCGAGTGCCTCAGTTGGGGAAGCCCGCTGACCAAAGAAAGGCCCTGCTGAGG	57	reverse	sll1819	
sll1819	iTSS	ATGACAAACCCACAGTCCACGCTTTGTTTGCGGATGCTCCCAGCCGCTATAAAGACAGGGATGGGGGCTATACCCGCATT	80	reverse	sll1819	
sll1820	iTSS	GGTCATTTGCCCCAAGACATAATAGTTAGGGGGTCAGCGGCGGTGGATAGCCATTGGCACGCCCGCTTTTCTGC	74	reverse	sll1820	
sll1822	iTSS	GTTAATGCCCATGGTGGCGGCCTAACCGGCCAAGCTGATGCTGTGAAGCTTGGTGTGGCCCGGGCCCTGTGCCAACTTTCCCCC	84	reverse	sll1822	
sll1069	iTSS	AACGAACTCAATGCCGATGAAATCGGGGTATTGATTGGCACGGGCATTGGTGGTTTGAAAGTACTGGAAGATCAACAAACCATTCT	86	reverse	sll1069	
sll1069	iTSS	ATGATTTGCGGTGGCACGGAAGCGGCCATTACCCCGCTGAGCTATGCAGGTTTTGCTTCGGCCCGG	66	reverse	sll1069	
sll1070	iTSS	GTACGGGTTCCGAAGTACAACTTTGTGTGGCTGCTGCTGAAAAGTTAGCCGCTCAAGGCAAGAAAGTCCGGGTAGTTTCCATGCCTTCCTGGGAACTGTTTGAAACCCAGGATGCCGCC	119	reverse	sll1070	
sll1070	iTSS	GAAACATTTGGTGCCTCGGCGCCCGGCGGGGTTTGCCTCGAGAAATTTGGTTTCAGCGTTGATAATGTGCTGGCCAAAGCTAAAACTCTCCTGAGCTAGTCCCTCGCCCCCAA	113	reverse	sll1070	
sll1070	iTSS	TTTGGTGCCTCGGCGCCCGGCGGGGTTTGCCTCGAGAAATTTGGTTTCAGCGTTGATAATGTGCTGGCCAAAGCTAAAACTCTCCTGAGCTAGTCCCTCGCCCCCAAGCTTAAAACTCCTCACTGTCCCCTCTCCTGATTGTTAGGGGGCTTTTTTT	157	reverse	sll1070	
slr1145	iTSS	AATGTTGCCGGCCTTTGTTTCCTGTTTACTGGCGGGGATCGTGCTCACCAACACCATTCCCCTCGCTTTT	70	forward	slr1145	
slr1140	iTSS	GGCAAAGGCCTCTACGTTTGGGAAGATACGGCCCACGCCCACGGCAGTCAACTCCAAGGTAAACAGGCGGGCAACTTAGCTGATGGCGCTTCCTTTTCCTTTTTCCCCACCAAAGTAAT	119	forward	slr1140	
slr1140	iTSS	ATGGACCCCAAAACCTTTGCCCCTTCCCTAGCCATGGTTAAGGAAGCGGTCGAAGGC	57	forward	slr1140	
slr1135	iTSS	TAATCAGTCCCACAATGAAAATATTAAAGAATATCTTAATTACTATAAAAAATTAGATTCTCCTGGTTTCGCCATTCTTTTAAAAGGTGAATGGGGATGTGGAAAAACCCATTTTATCAAGAATTATTTTC	131	forward	slr1135	
slr1135	iTSS	GAAGATAATCAGTCCCACAATGAAAATATT	30	forward	slr1135	
slr1133	iTSS	GGGCAAGGTGGTTAAAACCAGTTTGGCGGCAGGGAAATTGCTCAAGGATTTAACCCTGGCGGAATGGCAAGC	72	forward	slr1133	
slr2031	iTSS	AGTGAGCCTTACTGTTTGGGAGTCAGCGTCTATGTGGCAGTTTACAGAAGT	51	forward	slr2031	
slr2030	iTSS	AGAGATTTAGGGGATGGTATTCTATT	26	forward	slr2030	
slr2027	iTSS	GGCGTCGATTTTTCCTGACCCTAGCCGGTTTGACTGCCTTGGGGGCCATAGCTATTCATTTCTCCTATGGCAGGAGCAATTTAGCCAGTTGGACTGCCCGGGATGGTGTAATCACCATA	119	forward	slr2027	
slr2026	iTSS	AGAATTAGAGCGCACTATTCCGATTATCCAAGCTCTCCGGCAAGAATTAGACATTCCCATTTCCATCGATACCACCAGGGCGGAAGTGGCACGACAAGCTCTCCAAGCCGGAGCGGATATGGTCAACGATATTTCCGGAGCTACCTTTGAACCAGAAATTTTGGCGGTCGCCGCCCAGCACAAGGCTCCGATTATTTTGATGCACATACGGGGTAACCCCCAAACT	226	forward	slr2026	
slr2023	iTSS	GTAGAAGCAATTTTAGCCAACGTCAAGGCACGCCGAGCCGTGCCTCTG	48	forward	slr2023	
sll1920	iTSS	AATGGGCGGCCAGTGTGGAGCAATATTCCGAACATCCCCTAGCGGAAGCGGTGG	54	reverse	sll1920	
slr2009	iTSS	ACCCATCCTGGCGGGCTTTGAAGCTAAAACCCTGACCCTGGAGACCCTC	49	forward	slr2009	
sll1568	iTSS	AAATTGAAGGCATCCCTTTCTTGGAAAGTTTAGTGTCCGTGGTGGCTTCCTTTATCCCTGTTTCCGACAAACGCATTGAAGTCAAATTTGAGCGTTCCATTCTCGGCCT	109	reverse	sll1568	
slr1706	iTSS	AAAGCGGTGCAGGAATTGGGGCTACCCCAGTCCTCTATCAAACAGGCTTTGGCAGATGCGGT	62	forward	slr1706	
sll1573	iTSS	ATCGGGGGCGTCTCAATGGCGGAGAGTCCCAATACACCTACGTTTTGCAACACAGTCAACTAGGGAGAGTAGAAGGGGAAGGCTGGCTCTCTAACCATGCCATTGTTCAGCGCTATTGGGTCCTAGGCGATCGCCAACGGCAGAGTGGCTTTGAAACCTT	160	reverse	sll1573	
slr1704	iTSS	GCTGGCAGTGAAATTATTGGTCAGTTTCGCCCGATCGCCAATGGTAATGCGATGCAATTTGTGGCCCAACAATTGGTGCTCAATAATGGCGAATATTTACCG	102	forward	slr1704	
sll1578	iTSS	CTGAAATACATCAAAGCTAACCACGGCTTGAGTGGCGATGCCCGTGACGAAGCTAATTCCTACCTCGATTACGCCATCAATGCTCTGAGCTAGTCAGTTTTTAATTCTAGCTGGCCTGGAAGGGTGGGAAAGTGTTAACAACTGGTTGACAATATTCCGCTTTTCCAGGTCTTGTC	176	reverse	sll1578	
sll1580	iTSS	ATTACCCCGGCTAGCTTGAGCTAGATTTCTGTTTAGTTCAGGAGGAGAAGTGGCTTGACTTTATTTTCCCTTTGGGGAATAACTTGGGGTCGCTTCTCTTTTTGTCTT	108	reverse	sll1580	
sll1583	iTSS	GTTGCCCCAGTTGCTACCAGCGAAGATGTTGCCCCTACGGTGGAAACAGAAACCATCACCGATCCAGTAGCCACTGTCCCCAGTAATGAGGAAGGTGCCCATCCCCTAGCTGAGAAAAAAGTTGTCATTCTCGGTACCCTCAACGCCATGAACCGAGAGGAAGCTAAAACCAGACTCCAAAATGTGGGGGCTGAATGCACTGGCACTCCCAGCGGTAAAACCGATTACATTGT	233	reverse	sll1583	
slr1699	iTSS	ACTCATTGGCAGTTTGTACGAGGTGGAGCGGGCCGGCAATATCCTC	46	forward	slr1699	
sll1283	iTSS	ATATTGAAGAGTATTTATACAGTGTGGTAGGTTCCGAAGCCATTCCCTCCTGGCCCCTGGAAGCCCTAAAAGCCCAAGCTGTAGCCGCCCGCACCTACGCCATCT	105	reverse	sll1283	
sll1283	iTSS	ATTACAGGCCGTGGTTCTGGCCATGGCATTGGCCTAAGTCAGTGGGGAGCCTACGGTCTAGCCCAAAAAGGTACCCCCTACCAACAAATTTTGTCCCATTATTACCAGTCCGCCAGCCTCACC	123	reverse	sll1283	
slr1398	iTSS	ATCTGGATTGATTGAAAAGACAAATTTTTGGTGCAACGTTGCAATAAAAGGTGCGATACCTGTTATCGAATCATCTTTCGAC	82	forward	slr1398	
slr1397	iTSS	CTTTGCCGGATCGGATGAAGTCGTTGATGCGATCCGATCGGCCAAGGT	48	forward	slr1397	
slr1397	iTSS	GTCCAGCAATTGCATTTCACGTTAATTCGACGAAGTATATGTTCACATTCTTTGCCGGATCGGATGAAGTCGTT	74	forward	slr1397	
slr1396	iTSS	AATTCGACCTTGTGCAAACCACAAGCAGCTAACAAAACGCTCGTTCGAGCGCAAACTACAATGCGCTTCGTTTGCGCT	78	forward	slr1396	
sll1290	iTSS	ATCTGGCAACGCCATGAAAATCTCTTTTTGCGTCGTAGTGCTTACCCCAACCAATTCCCCGCCAAGGTATCCGATGTGGCCCATGCTTACCTAACCAATCCTCCCCCCGACCCCGACCAAGAACGCTTCG	130	reverse	sll1290	
sll1290	iTSS	AGTTGGGTTAAGCCTACCTATCGCCTCACCTACGAAGATGTGGATGAGATGTTGGT	56	reverse	sll1290	
sll1296	iTSS	ATTGCTAATTAACCAGGAAAGGTTGTTGGAATATGACAAACAGCTACGGCAAGCTAGTCGGAACCTAAAAAGGCGGGGGCAACAGTTAATCCCCATGCGGGAGCAAGTGGAATCCCTCTACGATG	125	reverse	sll1296	
slr1385	iTSS	CTAGATAACCAGGGAGTATTGCTCAAATGTGGGGGCAAATATTTAGCCCAGATTG	55	forward	slr1385	
ssr2317	iTSS	AAACACGACGGTTACGAGACGAGTATGCGGCCAAACATGGTCACAACATCCACGCTATTGTGGCAGATCTCAAGAGTTGGCAAGAGC	87	forward	ssr2317	
ssr2315	iTSS	GACAATAACGACGACGATGAGGAAGATGACAACAAAGATGGAGATGATTAAGGCGGTTTGATTCCAACTACCCCAGTGAAGATTCTTTTCATTAGCAACGGCCACGGAGAAGACCTCAACGCCGGCCTGATCATCGATGCCCTGCAACGGTGATCGCCGGAATTTGATCTATTTGTT	177	forward	ssr2315	
slr1378	iTSS	GTATCAACGCCTTGGCATCAAAGAATATTGGATTGTCGATTATCTGGCGATCGGTAGTCGGGACATTTTAGGGGAACCAAAGCAGCCCACCGTTTCCATCTATACCCTCAATCCAGAAGGA	121	forward	slr1378	
sll0980	iTSS	AACAGCGGCCCGTTCCCCCAAAGTCGATGGGTTACCCAGACCGATCGCCCCGGAAATTGTGC	62	reverse	sll0980	
slr1033	iTSS	ATTCAGATCAACGTATTTGGTCGTCTTCAGTAGAACTACTTAAGGATCTCTATCCTGT	58	forward	slr1033	
slr1032	iTSS	AGTCTCAGAAAGAACAACGAAATTCAGCTTTTGTCAAAGCTGAACGTTTTATCAAGAATGCTAGTAAAAATGGAGGTGTTGATC	84	forward	slr1032	
slr1032	iTSS	ACAATGCAATGAGTCTCAGAAAGAACAACGAAATTCAGCTTTTGTCAAAGCTGAACGTTTTATC	64	forward	slr1032	
slr1028	iTSS	ATTCAGCTTTCTAACTTCATAAATTAAGTACAAAAGTGACATAGAGGAATAGGCTGATCTATCCCCTTGAGTCTGATCTGGTCCCGCAACCGAAATTAGTCCGCTCCACTCCTGTCCCGAGGGTGTGTCAGAATGGTTAACGGCCGGATTTTAG	154	forward	slr1028	
slr1023	iTSS	AGGGAAAAGCAGAAATAACCTACGATACCGGTGCAGTGATTAGCCTTGGTCAAGGGGATTATCT	64	forward	slr1023	
slr1022	iTSS	ACACTGTCCTGGATTTCCTCGAACAGCCCGTTATTCTCACCGCC	44	forward	slr1022	
sll0993	iTSS	AAAGCTGAGGGACTATGCTGTCCTCCAGGGAGATGCCACCCTGGACGAAATCCTCCTGGCAGCCCACATTGAACGGGCTATTTGT	85	reverse	sll0993	
sll0996	iTSS	CTATTCGGGACAACGCTGAGCAAAAAGTCTACTCATACCTTGGTCGTCAAGCCAAAAGGAAACAAGTAGAACCGGAATTAACTCTGGTGGTGGCGGGCTGT	101	reverse	sll0996	
sll0997	iTSS	TGGAAAAATCAACGGTCTAATTTGGGGGAGATGATAGTCATGGCTCCATATCAGAGTTTTCACATTGGTCTGCTGGGGTTGGCCCTAGCCTCGGTTTGGCCCCTATCTGCTTGTGCCATTACTCCCTCCTTCCCTCCAGC	140	reverse	sll0997	
sll1831	iTSS	ATTAATGAGTTTCTGATGGAGATAGGGTTAAATCAAACCCTCCACCCCGTCACTGAGGAATTAACCCCTGTGGTTTATCAAGATGCTTGCCATCTGATCCAT	102	reverse	sll1831	
sll1831	iTSS	AAACCCTCCACCCCGTCACTGAGGAATTAACCCCTGTGGTTTATCAAGATGCTTGCCATCTGATCCATGGTCAAAAAATTAGTCTCCAACCCCGACAGTTGATTGCCCAAATTCCCCATTTACAGTTGCGGGAGCCCTTGGATG	144	reverse	sll1831	
sll1835	iTSS	TGGGGGTAACAACTTTGGACTTAACCTGGGTCTTTTTAGTATTGG	45	reverse	sll1835	
slr1910	iTSS	AGGTGGGTTTTGTCACGGGGAGTCAAGATAGTCGCAATCTTAGTAATCCCCGCTTT	56	forward	slr1910	
sll1929	iTSS	ACCCCTTTGTTAGCCCTGTTGAGCTTGGGGGGAATGGTCAGTGCTCTATGTGCGCTCATTTTTCCCCCCCTGG	73	reverse	sll1929	
ssl3649	iTSS	ACTACACAACTGGCGCCTCTCATTACTTTCTTGAAACTCTTGACAATTTCTTCCCAGACGGAAACTGTACTCAGGTAGACCTCAGTGTCCGGATCTCGAATATCTTTTGACAACTCAGTGTCACAAC	127	reverse	ssl3649	
slr2053	iTSS	ATTATCGGAAGCAAAACACTATCCCCAAG	29	forward	slr2053	
slr2051	iTSS	GTAGAAGGTTATGAAATTGGCTCTGAAGAGAAGCCTGTTGTTTTCACCACGGAAAACATCCTCTCCAGCAGCGATATGGATAACCTAATCGAGGCGGCCTATCGTCAAATCTTTTTCC	118	forward	slr2051	
slr2047	iTSS	ATGAATTTATTGAACCGGAAAAAATTCCTGACTTGATGGAGCGGGGCAAAATTGAGGTAGCTCCCCTG	68	forward	slr2047	
slr2046	iTSS	ATCGACACTCCGCTGACCTATACCCTGACCTTCAGTGAAGATATAGACTCCACAACTGTCACTGCTGATGATTTTGACAATGCGGGAACAGCGACAATTTCTATTGGAACCATTACAGAAACCAGCTCGGGGGTATTTTCTGTAGTTGTCACTCCTAAC	159	forward	slr2046	
slr2045	iTSS	ATAAAGAGTTTTTGGCCATTTCTTTTGATCCGGTCTATGCCACTACCCGTAATTTGCCAGTGGATATTCTTTATCTAACTCTAGTGGCGGCCATTGCTTTAACGGTGGTGAT	112	forward	slr2045	
slr2045	iTSS	AATCCCCTCTGGGGAGCGTTTGTTTTTTCCCTAGTGATGGCTTTGGCCATGGGTTGGGTAGCAAGGAAATATCAACAGCGCAGCGACACGTTAATTGGGGTGATGTGGGCCCTGGGCATGGCGATC	126	forward	slr2045	
sll1938	iTSS	ATTGATCAATCCCCAAAACCAACAGGTTGAGATTTATCGTTCTTCCCAGGCGACAGAAGTTTTAACGTTGCCAAAGGAAATAGATTGCAAT	91	reverse	sll1938	
sll1941	iTSS	GTTGCTCTGGTATTGCGGTGGGCATGGCCACTAGTATCCCGCCCCACAATTTGGGGGAAGTGGTGGATGGTTTGATTGG	79	reverse	sll1941	
sll1941	iTSS	AAGCAGGTTATGGCAAACAATTAGATTTAGCTTCTGTGCGCCTGGGGAATTTC	53	reverse	sll1941	
sll1942	iTSS	ATCTTTTTTCCGTGGGTGGGGACAATGGACAAGTACGAAGGACTGGAAAGCTCGAAAAAGCCTTGGTGGTTGAAGCACATCGACAAAATTTTCCTAGGCGGTGGCGTTGCCTATATGCTGTTAGTTAGTTTTTGGCT	137	reverse	sll1942	
sll1945	iTSS	ATACCCTGCGGCAAAAAGATGGGGTGGCTGGTTACCTCAAACGCTCTGAAAGTCGTTTTGACCATTTTGGTGCTGGGCACGCTTCCACAAGTATTTCCGCTGGTTTGGGCATGGCTTTAGCTCGAG	126	reverse	sll1945	
sll1750	iTSS	TTCGGGCCAAACGTTACGTGGCAAAATACACCATCAATCCTGCCATTACCCATGGCATTTCCGAGGAGATTGGTTC	76	reverse	sll1750	
slr1849	iTSS	ATGGCTGAGGCCTTAGACATAGGCTATAAAATTATTAAAATTCCCTTTTCCCAGGTTGACCGGGCGATCGCCGCTGACGAGACAGAGGGATTTTTGAAAATTATCCAC	108	forward	slr1849	
slr1847	iTSS	ATTACAGGAAGCTTTCCAAAAAGCCCAACAGGTTCAAGAAGGGGCCAAAGTGCTCCAGGAAGAACTGGAAAGAATGGAAATTCCTGGCAAAAGTGCCGATGGATTGGTGACAGTGTTGATGA	122	forward	slr1847	
ssr3122	iTSS	GATCAAGTCAAACAACAAATCCAAGCCGCCCTACCTGATGCCGAAGTAATGGTCAATGACCTGGGGGGAGGGGATCACCTGGAGGCCGTGGTGGTATCTTCAGCCTTTACCGGCCAGTCCCGGGTCAAACAACATCAAATGGTCTATGGTGCCCT	155	forward	ssr3122	
slr1771	iTSS	AGATGTGGCATTCAGCAAAAAATGGTGGTGGGGCCCTGGGGGCATTTTCCCTGGGGCAGTC	61	forward	slr1771	
sll1636	iTSS	GTTCGCATTGGTGCTGGCAGTATCATCGGTGCTGGAGCCGTGGTGACCAAGGATGTGCCCCCCCGGTCTTTGGTGATGGGAGTAC	85	reverse	sll1636	
ssr2962	iTSS	ATAGCTTACTGTCTCGCATTACCCAAACCCCCGGTCAGTGTGGTGGTCGTCCTTGTATTCGAGGGATGAGGATTCGAGTGAGCGACATCCTAGAAATGTTAGCTGAGAATGTTAGCACCTCTGAGATTTTAGAGGACTTTCCAGACCTAGAAATGGCCGATATTCAGGCT	170	forward	ssr2962	
sll1642	iTSS	AGGGGAGTGCTTGCTTTTCGCTGACGATATGGTGTTTCAAAAAACAGGTAGACACCTGGATGATATTGAGTTTGGGGTCATTGAAGGGGTTTTACAAAGAAAAAAATATGCAGATATAGCGAGAGATTT	129	reverse	sll1642	
slr1759	iTSS	AATCAAAAGGTAGCCCACCAGATGCTAAATAATTTGGGTTACCCGGTGGCGATCGCC	57	forward	slr1759	
slr1759	iTSS	ACAACTGAGTGAATCAATCAAACAACAGCAAAAGGTCGAAGAGTTTTTAAAATCCACTCTCCAGGAATTAGCCGT	75	forward	slr1759	
slr1756	iTSS	GGTATGCACGTGCACCAATCCCTCTGGAAAGATGGCCAGCCCCTCTTTGCTGGGGACAAATACGCCGGCTTTAGCCAGATGGGTCTGT	88	forward	slr1756	
slr1753	iTSS	ATTGGCAGATGGCATCCACTGAGCAACTGATTATTCCTCCTAATAATGATCCGCGGCCGGACGATCAATTGGTAATTGTGGTA	83	forward	slr1753	
sll1003	iTSS	ATATTCGGCTACAGTCGTCAAGAGTTAGAAAAGATGACAGTTAACGACTTAGCAGTACCAGAGGATAAGCAAGTTAGCCCCACATTT	87	reverse	sll1003	
slr1056	iTSS	ATTTAAAAGATTTGAAAGTGCTGAGCTTAAAACTAATGGTAAGCTTATTGCTCTAATTGGAGCCAATGAAAGTGGAAAGACATCTATTCTAGAAGCAATACAATGTTTGGATGATGATAAAGCTTTCTCCGACGT	135	forward	slr1056	
sll1009	iTSS	GTTAGGAGGGGATGACATCCTGGATGGTGGCACAGGCGCTGATATTATGTTCGGCGGTTCAGGTGACGACACTTACTACGTTGATAATACGGGCGACAAGGTCGGTGAGGCGAGTGCTGGT	121	reverse	sll1009	
slr1047	iTSS	ATGGTCATCAGATGGGGGATAAATGTCTCC	30	forward	slr1047	
slr1047	iTSS	GCAAACGGAGTATGAAAAAAAGCAGTTAGCCAAAGATACCCTACAAAAGTATGAAGAAGTA	61	forward	slr1047	
slr1044	iTSS	GTCTAATCGGATTAACACTTTGGTGCGTTCCATTACTGCTGATACCGTCAAGCAGCAGGAGAACTCCGGTGCAGTGTCCAACGTCATGCAGTCCATTGAGCTGACGGCCCAGGAAACTTCCCAGGAATCTCAACGGGTAGCAGGATCTTTGCAAACCCTGGTCTCCATTTCCCGCGACCTGTTAACTTCGGTGGAACGGTTCCGGGTGGAAAGTCGCTAGGGTCAGGGCAGTGTATTTCCCCCAG	245	forward	slr1044	
slr1044	iTSS	ATGCCGCCAAGCAGGTGAATAACAACTGTAAAGACAGTGAGTCCTTTGCCCGCAATAACTCCAGCGATGCGTTGCGAATGGCGGAGGAATTGGCCGT	97	forward	slr1044	
slr1043	iTSS	TTGGACACGGACAATCTTCAGCCGGCCAACGATGTGCCGGATCACATTGCCCCCTACGTCCAGGGAGAGTGGCAGATTCCCGCTAACGATGCCCCCTCCTCTCCT	105	forward	slr1043	
slr1609	iTSS	ACGCCAGGCCGCTGGGGGCAGACTGGAAACTCTCATTTCCGGAGGAGGGGCGTTAGCTAGACATTTAGATGATTTTTACGAAATCACCAGCATTCCCGTCCTGGTGGGCTATGGCTTAACGGAAACGGCCCCAGTAACTAATGCCAGGGTGCATAAACATAATTTGCGCT	170	forward	slr1609	
sll1501	iTSS	ATCCACCCTTTAAGTCAGTACCGTTAAGGAATACAGGAGGTGATGCCCATGGTAGAGAGTAGTATGTGCCTGGGTCGTTTGGTTGAAGTTAGCCGGCTGTGGGCCGGGGCCGTTCTTTAGAGTAACTATTCCCAAAAATCCGAATTAGCTACGTTTAAAGTTCCTTCCGGCAGTCAGGTTTCAACCAAGCTGACCCCCTAGACCGCTCTCCTAAAATTGCTGCAAGTCAGCGTTTGGGAGAGCGGATAGTTTT	253	reverse	sll1501	
sll1502	iTSS	ATGACGGAGGAACCGGAGCATCACCCCAAACTTCCATTAAACATGCTGGGTTGCCCTGGGAATTGGGCCTAGCGGAAACCCATCAAACCTTGGT	94	reverse	sll1502	
ssr2699	iTSS	ACTTCTCGATGTTGTGGTTCACAGCGCTCATCGCTCAGGCCACCAAGG	48	forward	ssr2699	
smr0005	iTSS	ACCCAAATTTTGGCAGCCCTAGTGGTTGCCCTCCTGCCTGCTTTCCTGGCTTTCCGTCTCTCCACGGAACTTTATAAGTAAACCAACGTCGGCCGTGTAATCCGATCCTTAGGGCGTGATCCGTTGCGCCCTATTGAT	138	forward	smr0005	
sll1511	iTSS	TTTATGGGCTGCCCCTGCTAACCTATCGGATTCATC	36	reverse	sll1511	
sll1511	iTSS	ATTATTTATGGGCTGCCCCTGCTAACCTATCGGATTCATCAGCTCTTCTATCCTCTCCAACCCGGACTGAGTTATTTAGTGGG	83	reverse	sll1511	
sll1516	iTSS	ATATTTATGCCAACGCTACGACGCAATTTTTGCCGATGACGTGGACGACTATCCGGCG	58	reverse	sll1516	
slr1595	iTSS	ATGGTCACTCTAGGGAGAAAATTTTTTAAGTATATTCTCCGCAATTATGGT	51	forward	slr1595	
slr1594	iTSS	ACTGCTTTGATCTTGCCTTTTTT	23	forward	slr1594	
slr1593	iTSS	TCCACGCTTTCCCCGGTCCCTATCTGAGAATGGTTTTTCTCAGCATGGGACTGCCC	56	forward	slr1593	
slr1593	iTSS	TTTATATTTCCACGCTTTCCCCGGTCCCTATCTGAGAATGGTTTTTCTCAGCATGGGACTGCCC	64	forward	slr1593	
slr0692	iTSS	AGTGGAAAACCATATGCCGGA	21	forward	slr0692	
slr0689	iTSS	CTCATTGCTGGTAAGAGTATTCCCCTGCGGGCTGTGGGCCAGGGCACCGACTGCTATCCCCGCA	64	forward	slr0689	
slr0689	iTSS	GAAGGGGACGGGGTGGCGGAAAGGGGCG	28	forward	slr0689	
sll0640	iTSS	GATGTGTTGGAAATTATCCATAACGATACCCATTTTCCCCAACCGTTGGCGGATCGGGTGTTGACCATGGGGGATATTTTGCTGGTGCGGGCGGGGCGGGAAG	103	reverse	sll0640	
sll0640	iTSS	TACCTTTGCCGCTTCCAATAGCTTTATGTCCCCCATTGGCTACCAAACCAACACCATGGTCTATGGCCCTGGGGGTTACCGT	82	reverse	sll0640	
sll0656	iTSS	AGGACTTAGCCAAAATTTAGGTCGTAGTGATGAAATTAACCTGTACGATGCTACCGGTAACTTAGTAGATCGTCTCACCTACGGAGATCAAGATTTTTCT	100	reverse	sll0656	
sll0656	iTSS	ACGGAAATGTTTAATCTCGATCGCTTTAATGAAATCAAACTCAGCCAAGGCGGTCGTCCCCAACAATTCACCCAGTTTAATGATGCTAATGTGGCAGGCTATGGGG	106	reverse	sll0656	
slr0670	iTSS	TTGGACAGTACCTAGTTTGACGGATAGTATTTTGAACCGCAGTTGGTTTCCCCTCCTGTTTTTCTCTCCCAAAGGTTAACCACAGTTAGAACGAACAGAGTCTAGCCTGCTGGATTTCCCGACATCACATATACGAAAAAATCCCCACCTCTGCAAAATTAGGAGTGGGGATATTAC	177	forward	slr0670	
slr1400	iTSS	GGCTAATTGTTTGGCGGCGGGGGCAGATGATTTTATCTCCAAGCCCTTGAACGGATTGGAGTTACAGGCCC	71	forward	slr1400	
sll1017	iTSS	GAAACCGAAAAATTTTCCCCTTGCTCGTTATGTCCTGGGCGCCATGCTGGCATTTTTATTTGTCGGGGTGGCCCAAGCCCAAA	83	reverse	sll1017	
sll1018	iTSS	GTCCAAGCTAAAAGTCAGGGTTTAAATTGCACCGCCAGCGTCAATTGGCACCATCTCCTGCTCAGTAATGAGGCGATCGCCCATGG	86	reverse	sll1018	
sll1020	iTSS	AACCCGATCGCCGAAGCGATGGCGAATTTATGAAGTGGGGGTGGCCT	47	reverse	sll1020	
sll1025	iTSS	ATCTATTGGGCTGGGGCCACTCCTCTACAGC	31	reverse	sll1025	
slr1084	iTSS	ATGCAACTTAATCAATACCAGCAAGGAGAATATCACCCTGGAGCCCCGCTGTTTAAACAATTGCTATGGTATTCCATTGGGGATTTTTTAGT	92	forward	slr1084	
slr1079	iTSS	ATGGCAAGTTTTCTGGCTTTACTGCCCCGTTCATTGACCACTTTCCTTTATGCCGTTGC	59	forward	slr1079	
ssr1765	iTSS	AGAAAAAGAGCTTGATGGCGGTTATCACGCCTTTTGCCCAATGCTCAAAGGATGCCATTCCCAAGGAGACACCTTTGAA	79	forward	ssr1765	
slr1077	iTSS	ATCATTGTAAACAGCTCTCACAGAATTGCCCTAT	34	forward	slr1077	
slr1077	iTSS	ATAATTGCAGACTTGGCCCCTGAAGCAGGGGGGCCATCCAT	41	forward	slr1077	
slr1077	iTSS	TTCACACATAATTGCAGACTTGGCCCCTGAAGCAGGGGGGCCATCCAT	48	forward	slr1077	
slr1076	iTSS	AGAAGCCATGGCCTGCGGAAAACCCACCATTGGTGGTAATCAAGATGGGGCGATCGATGCTCTATGCAATGGCGAACTGGGAGTGTTAGTGAATCCCGATGATCTGGACGAAATTAGCACAGTAATTACCCAAATCCT	138	forward	slr1076	
slr1076	iTSS	ATTCATCCCCGACGAAGAACTAGCCGATCACTATAACCTCTGTGATGTTTTCGCCAT	57	forward	slr1076	
slr1070	iTSS	GAAGAAAATTTTTGCATCAGGTTTAAGATTTGTTGAATACTATAAGTTTGGTGCTTCTTACTTAGAATGGGGGAGTCGT	79	forward	slr1070	
slr1067	iTSS	ATCTGAAGCCGAGATTCCCTGTCCAATAAATCCCTATGGTCGATCAAAATTAGCCAGTGAATGGATAATTCAAGATTAT	79	forward	slr1067	
slr1064	iTSS	ATTGCTTTTGTTTATCCTTCCCTTTATGAAGGGTTTGGTATTCCACCTTTAGAAGCCATGGCCTGTGGCACTGCCGTAATTGGATCTAATGTTTCTAGCATTCCGGAAGTAGTAGGTGACGCAGGGCTACTATTTGATCCCAAATCGATGGATCAGTTAGTTGATC	166	forward	slr1064	
slr1616	iTSS	GGCTACTCCCAAGGGTACATTGGTG	25	forward	slr1616	
slr1613	iTSS	AGGTTGATAACAGTCAATTATTGCCAGAATTAAATCTAGAAATATTCGTAAAATATGTTAGTCACCCGGATCAATATGATGCGGTAACTGAATTTATTGATGAGTTAACCTGTCTATAATCGTTTTTATTGCTAAATCCCG	141	forward	slr1613	
slr1613	iTSS	ATAGTAAAGGACATTCCCGATTTAGTTATTGAGGTAATTGTCACTAGCGGGAGTATTAATATTTTGGAAATATACCGCCGCATTGGTGTTCCCGAAGTTTGGTTTTATCAGGATTCTGCATTGACCGTTTACACGCTTAAAGAGGGACAATATTTGAAGGT	161	forward	slr1613	
slr0981	iTSS	ATCTGGTTTGCAACTAGGCTGGCTAATCAATCCACAACAAAAACAGGTGGAGATCTACCGCCAAAATCAACCCACAGAAATAACTAATCTCCCCACAAAATTGTCTGGGGAGAATGT	117	forward	slr0981	
slr0977	iTSS	AATCCGGCCATTTTTGACCAT	21	forward	slr0977	
slr0976	iTSS	AATACTCTCCCGTAATTCCCAATGAGCAAGGATGGCTATGGAGTGAGGCGCTGGGATTTTTTCTTGGCATCCACCAGGGTCAGTTGCGCTATTTTTCCGTGGAGGGAATTTTAGTACCTACCCCTGAGGAGGCGGCCCAACAGGAAATATTGAGGCCTGACCAGGCCATGGCAAAGGTAGAGCAGGAGGCTCAACGGGCGGACCAAGAAAAATTCAGGGCCGATCGCCTGGCGGCCAAGCTGAGGG	246	forward	slr0976	
sll0923	iTSS	GCCTATCACAGTGTCGAAGATTTGAGAGCTAGTCAGCACCACACCATCCTAGGGTACATTCCCTTGGAAAAGGATTTGCGAGCCAGTATTAAGTATGGCTCCCCTCTGCCCAATGAGGCAATGCAAGAGTCCTACGCTAGGCTCTATTCCAACCT	155	reverse	sll0923	
sll0928	iTSS	AGTTAGTCAAGTTATTTTGCAAGCCGACGATCAACTCCGCTACCCCACTAGCGGTGAACTCAAAGGGATCCAGGCGTTTTTAACCACCGGTGCCCAGCGTATTCGCATTGCGGAAACCCTGGCCGAAAATGAAAAAAAGATAGTCGATCAAGCCCAAAAACAACTGTTTAAGAAGCACCCTGAATACCGT	190	reverse	sll0928	
sll0930	iTSS	AATCTGTGGCTCGGCTTTTGCGGGGGGGGTTTACAGTTATTTTTCCTACTATCCGTTGCCTTCTCTTAACTAAAGCTTGTTTTGAAAGCCCTTTAATATTGTCGGAGCTTTTATTTAGTGCCAAGTTTTGGCCGGGAAACTAAAACTTTGCCGACAGGCCCTCGCGTTATCATCGGCATTGGATTGCAGAAAGTCCGGCTCCCCCAGCTTAATT	214	reverse	sll0930	
sll0934	iTSS	ATGATTGTGGAAACGGCCCGTCGAGTTAAGGCGGCCGGGGCCCAGTTTTTACGGGGCGGCGCCTTCAAACCCCGTACCTCTCCCTACGCTTTCCAAGGTCATGGGGAAAGTGCTCTAGGTCTGTTGGCAGCAGCTAAGGAAGCCACTGGTTT	152	reverse	sll0934	
slr0969	iTSS	GACAATGATAGACGGCAAAAATTGTTGAAAACTTTTCATCCCCTTACGGCGATCGCCGT	59	forward	slr0969	
sll0938	iTSS	GATATGGACTTGGCTAAGGCCCAAGCCCGGGCCCAGGGTCAAACCATTATTGATCTTTCCCTTGGCTCCTCTG	73	reverse	sll0938	
slr0963	iTSS	ATCAAAGACGAGGGGGATTTTCAGCTTAAAACCGCCCTGCGCAAGGTAGT	50	forward	slr0963	
sll0943	iTSS	ATCGGTGTTCTCACACTTTGCCCCAGTATGGCCCTGGCCGGGGTGCCCAACGGCACTTGGTTATCCCAA	69	reverse	sll0943	
sll1184	iTSS	ACCATCCCATCCTCAGCCACATTTACTTCCCCGAACTCAACCGCAAACAAAGCCTAGAGCAAGACCTGCAATTCTATTACGGCTCCAACTGGCGGCAAGAAGTGAAAATTTCTGCCGCTGGCCAAGCCTATGT	133	reverse	sll1184	
slr1306	iTSS	ATCTACCCAAGCTCTGGGAGCATTGCTAAAAAGTCAGCCCCTCACTTACTTGGCCGGTGGTGCCCTCCAAGGATTAAGCGCCGCTTACTTGACTCGCATTGCTGGTTTGAGTTTAATCACTTT	123	forward	slr1306	
sll1189	iTSS	ATGGCATTGGTTGGGTACGTTTTGGCCAACTGGACCGGGAAAAGTTGAACCAGCAAAGGCAAATTTGTCAGAATTATGGTGGTTATGTAACGGTGTTAGAAGCGTCTCCGGAATGTAAAAAACACTGGGACGTTTGGGGCCAGAGTGGCCATGGTTTGG	159	reverse	sll1189	
sll1191	iTSS	GTGGAGCCGACCGCAGAGGGGAGTTTTCGTTGGATGCTACGTCGCATGAGTCAATTGGCGATCGCCATGGTTTTAGCTTTGGGGTTAATATCCCTGGCATTATTGACTATCCAAAATGTCACCCCTGTGGCCCTGAGTTTTT	142	reverse	sll1191	
sll1191	iTSS	ATTATTGACTATCCAAAATGTCACCCCTGTGGCCCTGAGTTTTTTGACATTGCAGTCTATTGAGATGCCGGTGGGTCTGCTGTT	84	reverse	sll1191	
sll1194	iTSS	ATGACCGTATTAATCCAGGAGTTTACTAAAACTCCCACTGATTGCGGTCTAGCC	54	reverse	sll1194	
slr1295	iTSS	AAGGGGAAAGTTAAACCGGAGGAGTTGTCCACCTACGAAG	40	forward	slr1295	
sll1653	iTSS	AGAAGTCGGGTTTGCCAAAGCTGTCCACTATCCCATCGCCGCTGGTTTAATGGGGGTTTTAGTGGC	66	reverse	sll1653	
sll1660	iTSS	ATCTGGAGCATTTACCAAGACCGTAACCCCAATGCTTGGTCCAATGAGTTGATTGATATCATCGACGGCTGGCGCTATGGCAAATTGT	88	reverse	sll1660	
slr1794	iTSS	AACAAGGTAAAGCGGCGATCGCCGACCCCAATCGGTTTGCCGCCTATTT	49	forward	slr1794	
slr1789	iTSS	GAACTTTTATATTGCTCAAGCTAAGCCTTCGCCTTCTCCCGAAACTGAGACAGATCAATCATTT	64	forward	slr1789	
sll1676	iTSS	ATTGTGGCCGAAGATTTGGGGGTAATTACTCCGGAAGTGGAAGCGCTACGGGATGAATTTAACTTTCCCGGCATGAAAGTGCTCCATTTCGCCTTTGACTCCGACCGGGGTAATCCCTTTCTG	123	reverse	sll1676	
sll1677	iTSS	GCTGAAGCGGCCGGCTTGGTGGAATTAATTGCCAAGCTGGTTAAAC	46	reverse	sll1677	
sll1680	iTSS	ACTTACGAATGTGCTGGTTGCGAGCTTCC	29	reverse	sll1680	
sll1032	iTSS	ATATTTTGTGAGTGGTAACGTGATCATTCACGAAACAGCGGTCATTGCTCCGGGGGTTATTTTAGAAGCGGCTCCGGATTGTCAAATTACCATTGAAGCCGGAGTCTGCATT	112	reverse	sll1032	
sll1033	iTSS	GTCAATGTGTTTGACTCGGAAGAGGTGG	28	reverse	sll1033	
sll1036	iTSS	ATGAGCAAGGTCGGTTGGGGCCATTCCACCTGGCAAGAAGCGGTGAAGGTGGCCCAGGCTGCCAGGGT	68	reverse	sll1036	
slr1104	iTSS	AGTTACCACGTTACTGGAGAGGGGTTTGGGGAGTCTTCCTCCCAGCCAGTGGAAATATTGCCCCAGACTTCTCCCTAT	78	forward	slr1104	
slr1103	iTSS	GAATCAGTTGGAGCCCCACTGGTTGACCATTGAGGT	36	forward	slr1103	
slr1098	iTSS	ATGCGTAACCAAGATGATCTGCTACTGGAGGATTCCTGGGTTGATCCCCTGGATCAATTAGATGACGACGTAGCCCCTCCACCTCCGGACCCTGATGAAATGTTGGTGCTTCTGACCAGTAGAGAAGCCCCACAGAGGATGCTGGCGGCCCGGGCTTTTTGTGAAATTGCCGATCGCCGGGCGGTGGAGCCGTTGATCAATTTA	204	forward	slr1098	
sll1040	iTSS	AGTTTTGATAAAGCTTTATGGGGACACGAACTGGATCGTCAACATCCCTGGGACCGCTATTACATCAGTGGCGCCTTTATGGTGGTGGCCCTGGCGATCGTCACGATTAT	110	reverse	sll1040	
sll1040	iTSS	AATGGCACGCTAATTCTTTGGACAGACCGCTATGCCATTGGTGACGTGGTGCAAATTGGGGATGTGTTTGGTCTGGTGGAAAATATGAATATTTACATTACTCAGTTGCGGGGCCCCGAAGGCCGTTTGAGCACCATTCCCAACGGTAAAATTTCCGTAGTCCAAAATTTGACCAAGGACTGGTCCAGGGCAGAATTTATTGTGGAAATTGACCAGTCCAGCAATGTGGATAAAGCC	237	reverse	sll1040	
slr1416	iTSS	ATTCTGATTGGAGCTTCCCCTAGGGCCTCCCTCCGTTGGTTGCAAGCCGCAAAGGCCGATGCTTGGCTTAATGGCCAGGAATATTTACTGCCGGA	95	forward	slr1416	
slr1416	iTSS	GGTGCCGGGGACAGGCAAAACCCTGTTGGTGAAACTTCTAGCCCAATC	48	forward	slr1416	
slr1415	iTSS	AATGGCAACAACTACAAGCCCAACTGCCCCCCTCCAGCTCAAATCCATCGGGTAAGGTCCTCAAATCCAGTGCGGCAGAGTAACCGATT	89	forward	slr1415	
slr0257	iTSS	ACGACCCAGAATTAATGGCCACGGAGATTGATCCGCAGTATCAGCGGGCTATTAGTGTGTT	61	forward	slr0257	
sll0217	iTSS	ATGGGCTCCAATGCCCGCTCGGTGTTGATGGCATTAAAACGCATTGCACCGCTGCAGGTTGTTCTAGTGGCAACGGGCCATGGGCCGCTATTGCAACATCACATTTCCCATTGGCTTGGACAGTACGATGCCTGGAGTCAAAACCAGGTCAAAGCTGAAACCTTT	165	reverse	sll0217	
sll0220	iTSS	GTTATGACTCCGCCGGCATTGCTACGGTCACCGAAGGAAAAATTGAGTCGGTGCGGGCTAAGGGCAAACTATTTAACCTCAAGGAAAAGCTAGAAAACCACAGCAACTTTTCCCGCCTGGGCATTGGACATACCCGTTGG	140	reverse	sll0220	
sll0222	iTSS	ATAGCTTTTTTGCTGGTTGCCAACT	25	reverse	sll0222	
sll0228	iTSS	GGATTAACGAGGCGATCGCCAGCATCACCACACAAAAAGTCTTTCTCACCATTGATATGGACGGTTTTGATCCGGGGTTTATGCC	85	reverse	sll0228	
sll0228	iTSS	AAGTTGATGGGTTACTGGGGAGAGTCCCAACGGAAAAAACTCTAGCTATTCTCTGTTGTCAAAAATCTCCCTGAAG	76	reverse	sll0228	
sll0228	iTSS	TGATGGGTTACTGGGGAGAGTCCCAACGGAAAAAACTCTAGCTATTCTCTGTTGTCAAAAATCTCCCTGAAG	72	reverse	sll0228	
sml0003	iTSS	GTTGGTGCCAACGGTTTTCCTGTTGATCCTGTTTATTCAAACCGGGAAACAAAGCGAAAGCTAAGCCTTGGTTAACCATTGTCAAACAGAACAGAGTCAGGGGCGGAGTTGATCCAGCCCCTTTTTTT	128	reverse	sml0003	
slr0743a	iTSS	ACGGTGCGGGGCGATCGGCTTATTTATGTCCGACCCATGACTGTCTGCGTAAAGCTCGCCACAAAAATCTGTTGGGGCGGGCCCTCCGAGCCCCAGTTCCCAGCCATCTCTTTGAGCAACTAGAAGCCCGTCTTCTCACCACTCCCTGAGGCGCTGCCATAAACCCTTTCCCTATCCATCACCATGGATGCCCTCTGCCGAAACTTACCCAGCGGCAGTTATCGTTA	227	forward	slr0743a	
sll0708	iTSS	AATAACCTCAAGGGATTAATTGCCCCGGAACAGTTGACTACTTTATTGGAGCAGTTAGCTTTGCCGAG	68	reverse	sll0708	
sll0709	iTSS	AATGACTATGAATGATGATAAAGATAAGAGTGTTTATTATCAATTTTATGAAGGACATTTTTTGAAGGCACTAGCACAAGCGTATAAAAATATTATCATTGCTCAGAAGGAAGGTGTACAAGCTCAAAACGTTGCCTTAGTAATTGATGAAATTAATCGAGGTAATTCTTCTGCAATTTTTGGG	184	reverse	sll0709	
sll0711	iTSS	GCGGGCCAACGGCACCGATGACATCCGGCTCAGTTGTGGGGATAGTCCCTTGGCCAACGATGCCACCAATTTGGCCTACCGAGCGGCCCAGTTGATGATTAACAATTTTCCCCAAGCCCATGATAATTACGGCGGCGTAGATATC	145	reverse	sll0711	
sll0712	iTSS	ATTGACGATGCGGTGCAAATTGACGATCCAGAAGCGTTGCGGGTGGTGTACCAACTTCTGCGGCGGGATGGCCTATTTATGGGCGGTTCCGTGGGCATTAATGT	104	reverse	sll0712	
slr0721	iTSS	ACCACCATGTGCATCGAAGCGGCCAAGGCGATCGCCTCTTTGGTGCACAGC	51	forward	slr0721	
slr1127	iTSS	AGAATGGAAAGGAGGGCAACAAAAACCACTGTTAAACTGTCCTTCTGTCCTAGGAAAGTGC	61	forward	slr1127	
slr1122	iTSS	AAAAACTTTCAGTTTGTTTAAGCGCCATGTCAACTTGGAAGATCCCCATTTTTGGGTGGTTTATCCCCGACTAAGGGATAAGGATGATCACCTTCATTTTC	101	forward	slr1122	
slr1114	iTSS	GCTGACCATAGTCCTCCCCAAGGGGCGATCGCCATTAATCTTTGCTGCACCGCCCTTTTAACCTTGCCCATGGTGTTATTGTTGCCCTGGCTAGCACCAGCACCGGCGGGGTTTCCCATTCCCCTCGGCGGCATAGTGGTGGCCTTGACCATGGGTTTGTT	161	forward	slr1114	
slr1501	iTSS	AATGGCAATGACAGAGCCCGCCATACCTATGAATCTGTGGGGTTTAAACCTTACCAAACCTTTTACAAAGATTATTTCTGGGAACAATTTAAGATTGATTTTCCCGGTGTTACCAAGTTTGGTATGCGTCTCAACTAAAAAAGATAACTACCATGTT	157	forward	slr1501	
slr1495	iTSS	AGTTAAATCAGGCGGTAACGGAACAGTTGACGATTAGTCAGGGTGAAAATGCCATTAAGCAAGAAAATATTCAGAAAATTCAGCAGTTTTGGCAGT	96	forward	slr1495	
ssl2733	iTSS	AATAAACGAGGAGGTAAACCTTGTGTGCGCGGTTTA	36	reverse	ssl2733	
slr1490	iTSS	TTGCCATTACCGGGGTCAATGTGCCGCCGACGGTTGAAGTTAATGCCACAGACCAATCCCTGGTACTGGGGTTAAGTCCAGGGAAAGGGGTGGCAGAT	98	forward	slr1490	
slr1490	iTSS	ATTGCCATTACCGGGGTCAATGTGCCGCCGACGGTTGAAGTTAATGCCACAGACCAATCCCTGGTACTGGGGTTAAGTCCAGGGAAAGGGGTGGCAGATGAAGAGG	106	forward	slr1490	
sll1406	iTSS	ATATGTTGCCTATGTTCGGGGCTAGTAGCCCCCTTGCC	38	reverse	sll1406	
sll1406	iTSS	GTTTAGATGTGGATTTATCCGGTCCCCTCCTACCGGAAGCCATTGATAC	49	reverse	sll1406	
sll1206	iTSS	ATACTGGTAAAAGGACTTGGGTTCCATCTCTCAACCAAGACAGCCTGGGATTGTTCG	57	reverse	sll1206	
slr1312	iTSS	ATGGACAAATTACCCTGGAGG	21	forward	slr1312	
slr1311	iTSS	ATGATCGTGTTCCAAGCTGAGCACAACATCCTGATGCACCCCTTCCACATGTTAGGTGTGGCTGGTGTATTCGGTGGTAGC	81	forward	slr1311	
slr1311	iTSS	GACTCTCCAACAGCGCGAAAGCGCTT	26	forward	slr1311	
sll0558	iTSS	AGGGCATTGATTATCTGCCGCTCCAGGAAGCCCTAGGAAGCCAGGATTTTGAAACAGCGGATGAAATAACCCGGGATAAATTGTGCGAACTGGCGGGGCCTGGGGCCAGTC	111	reverse	sll0558	
